id,lecture_name,teacher_name,college_name,contents,homework,Attendance,others,created_at
1723,講義データC,入力済みデータ,1,,,,,2021-07-21 13:14:55
1722,テストデータ２,あああ,1,,,,,2021-07-21 13:10:00
1721,講義テストデータ１,試験者,1,,,,,2021-07-21 13:07:04
1720,データサイエンス応用,沼田　洋一,1,,,,,2021-06-26 06:36:04
1719,メディア分析法B,佐渡　眞紀子,1,,,,,2021-06-26 06:36:04
1718,コンピューティング応用C,五十嵐　康伸,1,,,,,2021-06-26 06:36:04
1717,社会調査方法論基礎2,谷辺　哲史,1,,,,,2021-06-26 06:36:04
1716,メディア分析法A,佐渡　眞紀子,1,,,,,2021-06-26 06:36:04
1715,メディア社会学,中橋　雄,1,,,,,2021-06-26 06:36:04
1714,GDS実践,庄司　昌彦,1,,,,,2021-06-26 06:36:04
1713,人間・環境ゼミナールC,森　健一,1,,,,,2021-06-26 06:36:04
1712,人間・環境ゼミナールC,金井　香里,1,,,,,2021-06-26 06:36:04
1711,人間・環境ゼミナールA,柄本　健太郎,1,,,,,2021-06-26 06:36:04
1710,人間・環境ゼミナールA,森　健一,1,,,,,2021-06-26 06:36:04
1709,人間・環境ゼミナールA,橋本　道雄,1,,,,,2021-06-26 06:36:04
1708,人間・環境ゼミナールA,金井　香里,1,,,,,2021-06-26 06:36:04
1707,市民メディア論,松本　恭幸,1,,,,,2021-06-26 06:36:04
1706,CM企画・制作論,オースミ　ユーカ,1,,,,,2021-06-26 06:36:04
1705,国際ニュース研究,藤谷　健,1,,,,,2021-06-26 06:36:04
1704,サブカルチャーの社会学,池上　賢,1,,,,,2021-06-26 06:36:04
1703,ナショナリズムの社会学,松井　隆志,1,,,,,2021-06-26 06:36:04
1702,文化の社会学,大屋　幸恵,1,,,,,2021-06-26 06:36:04
1701,外国語現地実習(中国語)2,福田　武史,1,,,,,2021-06-26 06:36:04
1700,外国語現地実習(フランス語)2,望月　ゆか,1,,,,,2021-06-26 06:36:04
1699,外国語現地実習(ドイツ語)2,黒田　享,1,,,,,2021-06-26 06:36:04
1698,外国語現地実習(英語)2,新井　景子,1,,,,,2021-06-26 06:36:04
1697,卒業論文準備ゼミナール2,福原　敏男,1,,,,,2021-06-26 06:36:04
1696,卒業論文準備ゼミナール2,渡辺　直紀,1,,,,,2021-06-26 06:36:04
1695,卒業論文準備ゼミナール2,桃崎　有一郎,1,,,,,2021-06-26 06:36:04
1694,卒業論文準備ゼミナール2,福田　武史,1,,,,,2021-06-26 06:36:04
1693,卒業論文準備ゼミナール2,丸山　伸彦,1,,,,,2021-06-26 06:36:04
1692,卒業論文準備ゼミナール2,黒岩　高,1,,,,,2021-06-26 06:36:04
1691,卒業論文準備ゼミナール2,小川　栄一,1,,,,,2021-06-26 06:36:04
1690,卒業論文準備ゼミナール2,戸塚　学,1,,,,,2021-06-26 06:36:04
1689,卒業論文準備ゼミナール2,漆澤　その子,1,,,,,2021-06-26 06:36:04
1688,卒業論文準備ゼミナール2,水口　拓寿,1,,,,,2021-06-26 06:36:04
1687,卒業論文ゼミナール2,水口　拓寿,1,,,,,2021-06-26 06:36:04
1686,卒業論文ゼミナール2,丸山　伸彦,1,,,,,2021-06-26 06:36:04
1685,卒業論文ゼミナール2,福原　敏男,1,,,,,2021-06-26 06:36:04
1684,卒業論文ゼミナール2,アダム・カバット,1,,,,,2021-06-26 06:36:04
1683,卒業論文ゼミナール2,小川　栄一,1,,,,,2021-06-26 06:36:04
1682,卒業論文準備ゼミナール,西村　淳子,1,,,,,2021-06-26 06:36:04
1681,卒業論文準備ゼミナール,香川　檀,1,,,,,2021-06-26 06:36:04
1680,卒業論文準備ゼミナール,望月　ゆか,1,,,,,2021-06-26 06:36:04
1679,卒業論文準備ゼミナール,光野　正幸,1,,,,,2021-06-26 06:36:04
1678,卒業論文準備ゼミナール,黒田　享,1,,,,,2021-06-26 06:36:04
1677,卒業論文準備ゼミナール,嶋内　博愛,1,,,,,2021-06-26 06:36:04
1676,卒業論文準備ゼミナール,舘　葉月,1,,,,,2021-06-26 06:36:04
1675,卒業論文準備ゼミナール,小山　ブリジット,1,,,,,2021-06-26 06:36:04
1674,卒業論文準備ゼミナール,小森　謙一郎,1,,,,,2021-06-26 06:36:04
1673,卒業論文準備ゼミナール,木元　豊,1,,,,,2021-06-26 06:36:04
1672,卒業論文準備ゼミナール,桂　元嗣,1,,,,,2021-06-26 06:36:04
1671,卒業論文準備ゼミナール,踊　共二,1,,,,,2021-06-26 06:36:04
1670,卒業論文ゼミナール2,西村　淳子,1,,,,,2021-06-26 06:36:04
1669,卒業論文ゼミナール2,望月　ゆか,1,,,,,2021-06-26 06:36:04
1668,卒業論文ゼミナール2,黒田　享,1,,,,,2021-06-26 06:36:04
1667,卒業論文ゼミナール2,嶋内　博愛,1,,,,,2021-06-26 06:36:04
1666,卒業論文ゼミナール2,舘　葉月,1,,,,,2021-06-26 06:36:04
1665,卒業論文ゼミナール2,小山　ブリジット,1,,,,,2021-06-26 06:36:04
1664,卒業論文ゼミナール2,小森　謙一郎,1,,,,,2021-06-26 06:36:04
1663,卒業論文ゼミナール2,桂　元嗣,1,,,,,2021-06-26 06:36:04
1662,卒業論文ゼミナール2,踊　共二,1,,,,,2021-06-26 06:36:04
1661,Capstone Project Seminar 2,新田　万里江,1,,,,,2021-06-26 06:36:04
1660,Capstone Project Seminar 2,パトリック・シュウェマー,1,,,,,2021-06-26 06:36:04
1659,Capstone Project Seminar 2,ブライアン・マサハート,1,,,,,2021-06-26 06:36:04
1658,Capstone Project Seminar 2,リンジー・モリソン,1,,,,,2021-06-26 06:36:04
1657,イギリス文化論2,山口　みどり,1,,,,,2021-06-26 06:36:04
1656,卒業論文ゼミナール2,直井　一博,1,,,,,2021-06-26 06:36:04
1655,卒業論文ゼミナール2,リンジー・モリソン,1,,,,,2021-06-26 06:36:04
1654,卒業論文ゼミナール2,ブライアン・マサハート,1,,,,,2021-06-26 06:36:04
1653,卒業論文ゼミナール2,パトリック・シュウェマー,1,,,,,2021-06-26 06:36:04
1652,卒業論文ゼミナール2,新納　卓也,1,,,,,2021-06-26 06:36:04
1651,卒業論文ゼミナール2,小森　真樹,1,,,,,2021-06-26 06:36:04
1650,卒業論文ゼミナール2,角田　俊男,1,,,,,2021-06-26 06:36:04
1649,卒業論文ゼミナール2,土屋　武久,1,,,,,2021-06-26 06:36:04
1648,卒業論文ゼミナール2,岩佐　愛,1,,,,,2021-06-26 06:36:04
1647,イギリス史2,田村　俊行,1,,,,,2021-06-26 06:36:04
1646,GSC初級ドイツ語2,ベレーナ・カレンベルク,1,,,,,2021-06-26 06:36:04
1645,人間・環境ゼミナールB,金井　香里,1,,,,,2021-06-26 06:36:04
1644,人間・環境ゼミナールB,森　健一,1,,,,,2021-06-26 06:36:04
1643,ライフスタイルの心理学,針原　素子,1,,,,,2021-06-26 06:36:04
1642,NPO・NGOとメディア,粉川　一郎,1,,,,,2021-06-26 06:36:04
1641,エスニックメディア論,アンジェロ・イシ,1,,,,,2021-06-26 06:36:04
1640,音楽文化の社会学,南田　勝也,1,,,,,2021-06-26 06:36:04
1639,映画研究,佐藤　博昭,1,,,,,2021-06-26 06:36:04
1638,消費社会論,大屋　幸恵,1,,,,,2021-06-26 06:36:04
1637,文化人類学,内藤　暁子,1,,,,,2021-06-26 06:36:04
1636,開発人類学,難波　美芸,1,,,,,2021-06-26 06:36:04
1635,外国語現地実習(フランス語)1,望月　ゆか,1,,,,,2021-06-26 06:36:04
1634,外国語現地実習(ドイツ語)1,黒田　享,1,,,,,2021-06-26 06:36:04
1633,外国語現地実習(英語)1,新井　景子,1,,,,,2021-06-26 06:36:04
1632,卒業論文準備ゼミナール1,福原　敏男,1,,,,,2021-06-26 06:36:04
1631,卒業論文準備ゼミナール1,渡辺　直紀,1,,,,,2021-06-26 06:36:04
1630,卒業論文準備ゼミナール1,桃崎　有一郎,1,,,,,2021-06-26 06:36:04
1629,卒業論文準備ゼミナール1,福田　武史,1,,,,,2021-06-26 06:36:04
1628,卒業論文準備ゼミナール1,丸山　伸彦,1,,,,,2021-06-26 06:36:04
1627,卒業論文準備ゼミナール1,黒岩　高,1,,,,,2021-06-26 06:36:04
1626,卒業論文準備ゼミナール1,小川　栄一,1,,,,,2021-06-26 06:36:04
1625,卒業論文準備ゼミナール1,戸塚　学,1,,,,,2021-06-26 06:36:04
1624,卒業論文準備ゼミナール1,漆澤　その子,1,,,,,2021-06-26 06:36:04
1623,卒業論文準備ゼミナール1,水口　拓寿,1,,,,,2021-06-26 06:36:04
1622,卒業論文,福田　武史,1,,,,,2021-06-26 06:36:04
1621,卒業論文ゼミナール2,渡辺　直紀,1,,,,,2021-06-26 06:36:04
1620,卒業論文ゼミナール2,福田　武史,1,,,,,2021-06-26 06:36:04
1619,卒業論文ゼミナール2,漆澤　その子,1,,,,,2021-06-26 06:36:04
1618,卒業論文ゼミナール2,黒岩　高,1,,,,,2021-06-26 06:36:04
1617,卒業論文ゼミナール2,桃崎　有一郎,1,,,,,2021-06-26 06:36:04
1616,卒業論文ゼミナール2,戸塚　学,1,,,,,2021-06-26 06:36:04
1615,卒業論文ゼミナール1,渡辺　直紀,1,,,,,2021-06-26 06:36:04
1614,卒業論文ゼミナール1,福田　武史,1,,,,,2021-06-26 06:36:04
1613,卒業論文ゼミナール1,漆澤　その子,1,,,,,2021-06-26 06:36:04
1612,卒業論文ゼミナール1,水口　拓寿,1,,,,,2021-06-26 06:36:04
1611,卒業論文ゼミナール1,丸山　伸彦,1,,,,,2021-06-26 06:36:04
1610,卒業論文ゼミナール1,黒岩　高,1,,,,,2021-06-26 06:36:04
1609,卒業論文ゼミナール1,福原　敏男,1,,,,,2021-06-26 06:36:04
1608,卒業論文ゼミナール1,桃崎　有一郎,1,,,,,2021-06-26 06:36:04
1607,卒業論文ゼミナール1,アダム・カバット,1,,,,,2021-06-26 06:36:04
1606,卒業論文ゼミナール1,小川　栄一,1,,,,,2021-06-26 06:36:04
1605,卒業論文ゼミナール1,戸塚　学,1,,,,,2021-06-26 06:36:04
1604,卒業論文,小森　謙一郎,1,,,,,2021-06-26 06:36:04
1603,卒業論文ゼミナール2,香川　檀,1,,,,,2021-06-26 06:36:04
1602,卒業論文ゼミナール2,光野　正幸,1,,,,,2021-06-26 06:36:04
1601,卒業論文ゼミナール2,木元　豊,1,,,,,2021-06-26 06:36:04
1600,卒業論文ゼミナール1,香川　檀,1,,,,,2021-06-26 06:36:04
1599,卒業論文ゼミナール1,西村　淳子,1,,,,,2021-06-26 06:36:04
1598,卒業論文ゼミナール1,望月　ゆか,1,,,,,2021-06-26 06:36:04
1597,卒業論文ゼミナール1,光野　正幸,1,,,,,2021-06-26 06:36:04
1596,卒業論文ゼミナール1,黒田　享,1,,,,,2021-06-26 06:36:04
1595,卒業論文ゼミナール1,嶋内　博愛,1,,,,,2021-06-26 06:36:04
1594,卒業論文ゼミナール1,舘　葉月,1,,,,,2021-06-26 06:36:04
1593,卒業論文ゼミナール1,小山　ブリジット,1,,,,,2021-06-26 06:36:04
1592,卒業論文ゼミナール1,小森　謙一郎,1,,,,,2021-06-26 06:36:04
1591,卒業論文ゼミナール1,木元　豊,1,,,,,2021-06-26 06:36:04
1590,卒業論文ゼミナール1,桂　元嗣,1,,,,,2021-06-26 06:36:04
1589,卒業論文ゼミナール1,踊　共二,1,,,,,2021-06-26 06:36:04
1588,Capstone Project,パトリック・シュウェマー,1,,,,,2021-06-26 06:36:04
1587,Capstone Project Seminar 1,新田　万里江,1,,,,,2021-06-26 06:36:04
1586,Capstone Project Seminar 1,パトリック・シュウェマー,1,,,,,2021-06-26 06:36:04
1585,Capstone Project Seminar 1,ブライアン・マサハート,1,,,,,2021-06-26 06:36:04
1584,Capstone Project Seminar 1,リンジー・モリソン,1,,,,,2021-06-26 06:36:04
1583,Language Workshop (GSC) 2,パトリック・シュウェマー,1,,,,,2021-06-26 06:36:04
1582,Language Workshop (GSC) 1,パトリック・シュウェマー,1,,,,,2021-06-26 06:36:04
1581,卒業論文,新井　景子,1,,,,,2021-06-26 06:36:04
1580,イギリス文化論1,山口　みどり,1,,,,,2021-06-26 06:36:04
1579,卒業論文ゼミナール2,新田　万里江,1,,,,,2021-06-26 06:36:04
1578,卒業論文ゼミナール2,ジェイソン・ホロウェル,1,,,,,2021-06-26 06:36:04
1577,卒業論文ゼミナール2,中村　詩のぶ,1,,,,,2021-06-26 06:36:04
1576,卒業論文ゼミナール2,谷　憲治,1,,,,,2021-06-26 06:36:04
1575,卒業論文ゼミナール2,北村　紗衣,1,,,,,2021-06-26 06:36:04
1574,卒業論文ゼミナール2,新井　景子,1,,,,,2021-06-26 06:36:04
1573,卒業論文ゼミナール1,新田　万里江,1,,,,,2021-06-26 06:36:04
1572,卒業論文ゼミナール1,直井　一博,1,,,,,2021-06-26 06:36:04
1571,卒業論文ゼミナール1,リンジー・モリソン,1,,,,,2021-06-26 06:36:04
1570,卒業論文ゼミナール1,ブライアン・マサハート,1,,,,,2021-06-26 06:36:04
1569,卒業論文ゼミナール1,パトリック・シュウェマー,1,,,,,2021-06-26 06:36:04
1568,卒業論文ゼミナール1,ジェイソン・ホロウェル,1,,,,,2021-06-26 06:36:04
1567,卒業論文ゼミナール1,新納　卓也,1,,,,,2021-06-26 06:36:04
1566,卒業論文ゼミナール1,小森　真樹,1,,,,,2021-06-26 06:36:04
1565,卒業論文ゼミナール1,中村　詩のぶ,1,,,,,2021-06-26 06:36:04
1564,卒業論文ゼミナール1,角田　俊男,1,,,,,2021-06-26 06:36:04
1563,卒業論文ゼミナール1,土屋　武久,1,,,,,2021-06-26 06:36:04
1562,卒業論文ゼミナール1,谷　憲治,1,,,,,2021-06-26 06:36:04
1561,卒業論文ゼミナール1,北村　紗衣,1,,,,,2021-06-26 06:36:04
1560,卒業論文ゼミナール1,岩佐　愛,1,,,,,2021-06-26 06:36:04
1559,卒業論文ゼミナール1,新井　景子,1,,,,,2021-06-26 06:36:04
1558,イギリス史1,田村　俊行,1,,,,,2021-06-26 06:36:04
1557,現代スポーツ論,森　健一,1,,,,,2021-06-26 06:36:04
1556,宇宙観の歴史,橋本　道雄,1,,,,,2021-06-26 06:36:04
1555,ドキュメンタリー研究,永田　浩三,1,,,,,2021-06-26 06:36:04
1554,メディアプロデュース論,松本　恭幸,1,,,,,2021-06-26 06:36:04
1553,映像ジャーナリズム論,藤谷　健,1,,,,,2021-06-26 06:36:04
1552,メディアリテラシー論,中橋　雄,1,,,,,2021-06-26 06:36:04
1551,電子コミュニケーション論,粉川　一郎,1,,,,,2021-06-26 06:36:04
1550,コーポレート・コミュニケーション論,薗部　靖史,1,,,,,2021-06-26 06:36:04
1549,マンガの社会学,池上　賢,1,,,,,2021-06-26 06:36:04
1548,国際社会学,松井　隆志,1,,,,,2021-06-26 06:36:04
1547,芸術と文化の社会学,大屋　幸恵,1,,,,,2021-06-26 06:36:04
1546,セクシュアリティの社会学,志田　哲之,1,,,,,2021-06-26 06:36:04
1545,身体の社会学,中村　英代,1,,,,,2021-06-26 06:36:04
1544,不平等の社会学,林　雄亮,1,,,,,2021-06-26 06:36:04
1543,社会問題の社会学,木村　祐子,1,,,,,2021-06-26 06:36:04
1542,ジェンダーの社会学,千田　有紀,1,,,,,2021-06-26 06:36:04
1541,中国語現地実習2,福田　武史,1,,,,,2021-06-26 06:36:04
1540,フランス語現地実習2,望月　ゆか,1,,,,,2021-06-26 06:36:04
1539,ドイツ語現地実習2,黒田　享,1,,,,,2021-06-26 06:36:04
1538,英語現地実習2,新井　景子,1,,,,,2021-06-26 06:36:04
1537,博物館実習4,丸山　伸彦,1,,,,,2021-06-26 06:36:04
1536,博物館展示論,石田　佳也,1,,,,,2021-06-26 06:36:04
1535,スポーツ実践14(スノーボード),森　健一,1,,,,,2021-06-26 06:36:04
1534,スポーツ実践13(スキー),森　健一,1,,,,,2021-06-26 06:36:04
1533,現代アート・ワークショップ,瀧本　みわ,1,,,,,2021-06-26 06:36:04
1532,20世紀の世界,加藤　義明,1,,,,,2021-06-26 06:36:04
1531,データ分析の応用,金子　勝一,1,,,,,2021-06-26 06:36:04
1530,現代社会と環境,西村　敏也,1,,,,,2021-06-26 06:36:04
1529,自然科学集中プロジェクトB,藥袋　佳孝,1,,,,,2021-06-26 06:36:04
1528,自然科学集中プロジェクトA,丸橋　珠樹,1,,,,,2021-06-26 06:36:04
1527,国際社会における紛争と協調,高林　敏之,1,,,,,2021-06-26 06:36:04
1526,現代社会と政治,村田　玲,1,,,,,2021-06-26 06:36:04
1525,自己理解の哲学,秋保　亘,1,,,,,2021-06-26 06:36:04
1524,スポーツの哲学,荒牧　亜衣,1,,,,,2021-06-26 06:36:04
1523,スポーツの社会環境,奈良　光睛,1,,,,,2021-06-26 06:36:04
1522,スポーツの歴史と文化,荒牧　亜衣,1,,,,,2021-06-26 06:36:04
1521,社会思想の歴史,舩木　恵子,1,,,,,2021-06-26 06:36:04
1520,情報技術と人間社会,竹内　広宜,1,,,,,2021-06-26 06:36:04
1519,日本幻想文学論2,大野　祐仁,1,,,,,2021-06-26 06:36:04
1518,日本思想史2,岡安　儀之,1,,,,,2021-06-26 06:36:04
1517,日本芸能史2,漆澤　その子,1,,,,,2021-06-26 06:36:04
1516,音響文化論,関根　裕子,1,,,,,2021-06-26 06:36:04
1515,保険・年金論,岡田　太,1,,,,,2021-06-26 06:36:04
1514,ファイナンス2,徳永　俊史,1,,,,,2021-06-26 06:36:04
1513,証券市場論2,中嶋　幹,1,,,,,2021-06-26 06:36:04
1512,財務報告論2,福島　隆,1,,,,,2021-06-26 06:36:04
1511,国際金融論2,蓮見　亮,1,,,,,2021-06-26 06:36:04
1510,金融論2,吉田　真理子,1,,,,,2021-06-26 06:36:04
1509,金融機関経営論2,林　康史,1,,,,,2021-06-26 06:36:04
1508,ベンチャー企業論2,藤井　辰紀,1,,,,,2021-06-26 06:36:04
1507,組織論1,森永　雄太,1,,,,,2021-06-26 06:36:04
1506,人事管理論2,土屋　直樹,1,,,,,2021-06-26 06:36:04
1505,情報と職業,清水　吉弘,1,,,,,2021-06-26 06:36:04
1504,国際法2,雨野　統,1,,,,,2021-06-26 06:36:04
1503,経営統計学,竹内　広宜,1,,,,,2021-06-26 06:36:04
1502,経営戦略論1,伊藤　誠悟,1,,,,,2021-06-26 06:36:04
1501,オートメーション2,金子　勝一,1,,,,,2021-06-26 06:36:04
1500,経営史2,竹原　有吾,1,,,,,2021-06-26 06:36:04
1499,会計学基礎,髙橋　由香里,1,,,,,2021-06-26 06:36:04
1498,マーケティング1,飯島　聡太朗,1,,,,,2021-06-26 06:36:04
1497,簿記演習1,金　奕群,1,,,,,2021-06-26 06:36:04
1496,サービスマネジメント,荻野　紫穂,1,,,,,2021-06-26 06:36:04
1495,労働経済2,古村　聖,1,,,,,2021-06-26 06:36:04
1494,ヨーロッパ経済2,伊東　林蔵,1,,,,,2021-06-26 06:36:04
1493,民法2,和泉澤　千恵,1,,,,,2021-06-26 06:36:04
1492,中級ミクロ経済学,吉田　真理子,1,,,,,2021-06-26 06:36:04
1491,中級ミクロ経済学,笠松　怜史,1,,,,,2021-06-26 06:36:04
1490,マクロ経済学,伊藤　成康,1,,,,,2021-06-26 06:36:04
1489,日本経済論2,江頭　隆治,1,,,,,2021-06-26 06:36:04
1488,国際経済入門,二階堂　有子,1,,,,,2021-06-26 06:36:04
1487,西洋経済史2,河合　康夫,1,,,,,2021-06-26 06:36:04
1486,政治経済学2,清水　敦,1,,,,,2021-06-26 06:36:03
1485,情報経済論1,実積　寿也,1,,,,,2021-06-26 06:36:03
1484,産業組織論2,田中　健太,1,,,,,2021-06-26 06:36:03
1483,公共経済学2,笠松　怜史,1,,,,,2021-06-26 06:36:03
1482,現代政治経済学2,高垣　里衣,1,,,,,2021-06-26 06:36:03
1481,環境経済学2,東田　啓作,1,,,,,2021-06-26 06:36:03
1480,日本語(中級)1（4）,積　公恵,1,,,,,2021-06-26 06:36:03
1479,日本語(中級)1（3）,山本　和子,1,,,,,2021-06-26 06:36:03
1478,日本語(中級)1（2）,積　公恵,1,,,,,2021-06-26 06:36:03
1477,日本語(中級)1（1）,山本　和子,1,,,,,2021-06-26 06:36:03
1476,日本語(入門)1（4）,積　公恵,1,,,,,2021-06-26 06:36:03
1475,日本語(入門)1（3）,山本　和子,1,,,,,2021-06-26 06:36:03
1474,日本語(入門)1（2）,積　公恵,1,,,,,2021-06-26 06:36:03
1473,日本語(入門)1（1）,山本　和子,1,,,,,2021-06-26 06:36:03
1472,教育実習3,金井　香里,1,,,,,2021-06-26 06:36:03
1471,教育実習3,柄本　健太郎,1,,,,,2021-06-26 06:36:03
1470,教育実習3,米山　宏史,1,,,,,2021-06-26 06:36:03
1469,情報科教育方法論1,冨士田　浩之,1,,,,,2021-06-26 06:36:03
1468,地球環境シミュレーション,橋本　道雄,1,,,,,2021-06-26 06:36:03
1467,グローバル・コミュニケーション2,林　玲美,1,,,,,2021-06-26 06:36:03
1466,グローバル・コミュニケーション1,林　玲美,1,,,,,2021-06-26 06:36:03
1465,映像アーカイブ論,永田　浩三,1,,,,,2021-06-26 06:36:03
1464,社会心理学,針原　素子,1,,,,,2021-06-26 06:36:03
1463,広報論,薗部　靖史,1,,,,,2021-06-26 06:36:03
1462,広告論,君塚　洋一,1,,,,,2021-06-26 06:36:03
1461,NPOとNGOの社会学,粉川　一郎,1,,,,,2021-06-26 06:36:03
1460,エスニシティのメディア社会学,アンジェロ・イシ,1,,,,,2021-06-26 06:36:03
1459,情報の社会心理学,山下　玲子,1,,,,,2021-06-26 06:36:03
1458,マスコミュニケーション論,橋元　良明,1,,,,,2021-06-26 06:36:03
1457,映画論,佐藤　博昭,1,,,,,2021-06-26 06:36:03
1456,ネットワークの社会学,税所　真也,1,,,,,2021-06-26 06:36:03
1455,都市社会学,中野　佑一,1,,,,,2021-06-26 06:36:03
1454,観光人類学,鈴木　涼太郎,1,,,,,2021-06-26 06:36:03
1453,記号と消費の社会学,大屋　幸恵,1,,,,,2021-06-26 06:36:03
1452,コミュニケーションの社会学,大屋　幸恵,1,,,,,2021-06-26 06:36:03
1451,宗教人類学,森　雅文,1,,,,,2021-06-26 06:36:03
1450,仕事の社会学,高見　具広,1,,,,,2021-06-26 06:36:03
1449,家族社会学,千田　有紀,1,,,,,2021-06-26 06:36:03
1448,環境と開発の人類学,難波　美芸,1,,,,,2021-06-26 06:36:03
1447,日本語(初中級)1（4）,坂井　菜緒,1,,,,,2021-06-26 06:36:03
1446,日本語(初中級)1（3）,坂井　菜緒,1,,,,,2021-06-26 06:36:03
1445,日本語(初中級)1（1）,坂井　菜緒,1,,,,,2021-06-26 06:36:03
1444,日本語(初級)1（4）,坂井　菜緒,1,,,,,2021-06-26 06:36:03
1443,日本語(初級)1（2）,坂井　菜緒,1,,,,,2021-06-26 06:36:03
1442,フランス語現地実習1,望月　ゆか,1,,,,,2021-06-26 06:36:03
1441,ドイツ語現地実習1,黒田　享,1,,,,,2021-06-26 06:36:03
1440,英語現地実習1,新井　景子,1,,,,,2021-06-26 06:36:03
1439,博物館実習3,丸山　伸彦,1,,,,,2021-06-26 06:36:03
1438,インターンシップ特講,笠原　一絵,1,,,,,2021-06-26 06:36:03
1437,スポーツ実践7(アドバンストゴルフ),上向　貫志,1,,,,,2021-06-26 06:36:03
1436,日本の伝統と文化,西村　敏也,1,,,,,2021-06-26 06:36:03
1435,20世紀の日本,岸本　昌也,1,,,,,2021-06-26 06:36:03
1434,現代日本の課題,笹野　悦子,1,,,,,2021-06-26 06:36:03
1433,現代社会とジェンダー,高橋　幸,1,,,,,2021-06-26 06:36:03
1432,知識社会の情報学,石山　玲子,1,,,,,2021-06-26 06:36:03
1431,現代社会と経済,長橋　透,1,,,,,2021-06-26 06:36:03
1430,地球の自然史,藥袋　佳孝,1,,,,,2021-06-26 06:36:03
1429,世界の言語と文化,黒田　享,1,,,,,2021-06-26 06:36:03
1428,自然と生活のなかの物理,橋本　道雄,1,,,,,2021-06-26 06:36:03
1427,スポーツの心理学,鈴木　敦,1,,,,,2021-06-26 06:36:03
1426,心理学と社会,上向　貫志,1,,,,,2021-06-26 06:36:03
1425,こころの科学と健康,上向　貫志,1,,,,,2021-06-26 06:36:03
1424,グローバル時代の歴史認識,伊東　洋一郎,1,,,,,2021-06-26 06:36:03
1423,数学の世界,橋本　道雄,1,,,,,2021-06-26 06:36:03
1422,地球環境,藥袋　佳孝,1,,,,,2021-06-26 06:36:03
1421,スポーツと健康の科学,森　健一,1,,,,,2021-06-26 06:36:03
1420,先進の科学技術,橋本　道雄,1,,,,,2021-06-26 06:36:03
1419,キャリアデザイン論B,佐藤　克司,1,,,,,2021-06-26 06:36:03
1418,キャリアデザイン論B,西本　万映子,1,,,,,2021-06-26 06:36:03
1417,キャリアデザイン論A,西本　万映子,1,,,,,2021-06-26 06:36:03
1416,情報技術と人間社会,伊藤　大貴,1,,,,,2021-06-26 06:36:03
1415,日本幻想文学論1,大野　祐仁,1,,,,,2021-06-26 06:36:03
1414,日本思想史1,岡安　儀之,1,,,,,2021-06-26 06:36:03
1413,日本芸能史1,漆澤　その子,1,,,,,2021-06-26 06:36:03
1412,ファイナンス1,徳永　俊史,1,,,,,2021-06-26 06:36:03
1411,証券市場論1,中嶋　幹,1,,,,,2021-06-26 06:36:03
1410,財務報告論1,福島　隆,1,,,,,2021-06-26 06:36:03
1409,国際金融論1,小川　俊明,1,,,,,2021-06-26 06:36:03
1408,金融論1,吉田　真理子,1,,,,,2021-06-26 06:36:03
1407,金融機関経営論1,茶野　努,1,,,,,2021-06-26 06:36:03
1406,税務会計,堀　好一,1,,,,,2021-06-26 06:36:03
1405,ベンチャー企業論1,村上　義昭,1,,,,,2021-06-26 06:36:03
1404,プロジェクト管理,山戸　昭三,1,,,,,2021-06-26 06:36:03
1403,組織論2,松下　将章,1,,,,,2021-06-26 06:36:03
1402,組織間関係論,加藤　寛之,1,,,,,2021-06-26 06:36:03
1401,生産管理論,梅田　茂樹,1,,,,,2021-06-26 06:36:03
1400,人事管理論1,土屋　直樹,1,,,,,2021-06-26 06:36:03
1399,国際法1,雨野　統,1,,,,,2021-06-26 06:36:03
1398,国際経営論,鈴木　真也,1,,,,,2021-06-26 06:36:03
1397,オートメーション1,金子　勝一,1,,,,,2021-06-26 06:36:03
1396,経営史1,竹原　有吾,1,,,,,2021-06-26 06:36:03
1395,経営管理論2,古瀬　公博,1,,,,,2021-06-26 06:36:03
1394,経営管理論1,西村　陽一郎,1,,,,,2021-06-26 06:36:03
1393,イノベーション論,清水　馨,1,,,,,2021-06-26 06:36:03
1392,マーケティング2,飯島　聡太朗,1,,,,,2021-06-26 06:36:03
1391,簿記演習2,高原　康太郎,1,,,,,2021-06-26 06:36:03
1390,簿記演習1,堀江　優希,1,,,,,2021-06-26 06:36:03
1389,簿記演習1,岩田　聖徳,1,,,,,2021-06-26 06:36:03
1388,情報ネットワーク基礎,荻野　紫穂,1,,,,,2021-06-26 06:36:03
1387,会計学各論(Principles of Accounting),猪熊　浩子,1,,,,,2021-06-26 06:36:03
1386,経済英語10,鈴木　唯,1,,,,,2021-06-26 06:36:03
1385,経済英語9,鈴木　唯,1,,,,,2021-06-26 06:36:03
1384,経済英語8,鈴木　唯,1,,,,,2021-06-26 06:36:03
1383,労働法,石川　茉莉,1,,,,,2021-06-26 06:36:03
1382,流通経済学,高橋　佳生,1,,,,,2021-06-26 06:36:03
1381,ヨーロッパ経済1,伊東　林蔵,1,,,,,2021-06-26 06:36:03
1380,民法1,和泉澤　千恵,1,,,,,2021-06-26 06:36:03
1379,ミクロ経済学,吉田　真理子,1,,,,,2021-06-26 06:36:03
1378,ミクロ経済学,笠松　怜史,1,,,,,2021-06-26 06:36:03
1377,マクロ経済学,蓮見　亮,1,,,,,2021-06-26 06:36:03
1376,日本経済論1,江頭　隆治,1,,,,,2021-06-26 06:36:03
1375,世界経済2,道田　悦代,1,,,,,2021-06-26 06:36:03
1374,世界経済1,二階堂　有子,1,,,,,2021-06-26 06:36:03
1373,西洋経済史1,河合　康夫,1,,,,,2021-06-26 06:36:03
1372,政治経済学1,清水　敦,1,,,,,2021-06-26 06:36:03
1371,産業組織論1,田中　健太,1,,,,,2021-06-26 06:36:03
1370,公共経済学1,笠松　怜史,1,,,,,2021-06-26 06:36:03
1369,現代政治経済学1,高垣　里衣,1,,,,,2021-06-26 06:36:03
1368,環境経済学1,東田　啓作,1,,,,,2021-06-26 06:36:03
1367,労働経済1,古村　聖,1,,,,,2021-06-26 06:36:03
1366,経営学概論,山下　奨,1,,,,,2021-06-26 06:36:03
1365,社会統計学2,三輪　哲,1,,,,,2021-06-26 06:36:03
1364,社会学外書講読,栗田　知宏,1,,,,,2021-06-26 06:36:03
1363,選択イタリア語基礎2,一ノ瀬　俊和,1,,,,,2021-06-26 06:36:03
1362,選択スペイン語基礎2,和田　杏子,1,,,,,2021-06-26 06:36:03
1361,選択スペイン語基礎2,安藤　万奈,1,,,,,2021-06-26 06:36:03
1360,社会学文献講読A,渡邊 隼,1,,,,,2021-06-26 06:36:03
1359,コンピューティング応用F,菊地　映輝,1,,,,,2021-06-26 06:36:03
1358,メディア社会学文献講読A,溝尻　真也,1,,,,,2021-06-26 06:36:03
1357,社会統計学1,三輪　哲,1,,,,,2021-06-26 06:36:03
1356,コンピューティング応用E,稲垣　秀人,1,,,,,2021-06-26 06:36:03
1355,コンピューティング応用B,髙橋　茂,1,,,,,2021-06-26 06:36:03
1354,社会学初年次応用ゼミ,加藤　敦也,1,,,,,2021-06-26 06:36:03
1353,社会学初年次応用ゼミ,入江　公康,1,,,,,2021-06-26 06:36:03
1352,社会学初年次応用ゼミ,品治　佑吉,1,,,,,2021-06-26 06:36:03
1351,社会学初年次応用ゼミ,保田　幸子,1,,,,,2021-06-26 06:36:03
1350,社会学初年次応用ゼミ,高橋　幸,1,,,,,2021-06-26 06:36:03
1349,選択フランス語基礎2,田中　正邦,1,,,,,2021-06-26 06:36:03
1348,コンピューティング応用H,下山　紗代子,1,,,,,2021-06-26 06:36:03
1347,社会調査方法論基礎2,濱本　真一,1,,,,,2021-06-26 06:36:03
1346,メディア社会学初年次応用ゼミ,庄司　昌彦,1,,,,,2021-06-26 06:36:03
1345,社会学初年次応用ゼミ,庄司　昌彦,1,,,,,2021-06-26 06:36:03
1344,ルポライティング方法論,アンジェロ・イシ,1,,,,,2021-06-26 06:36:03
1343,メディア社会学外書講読,加藤　敬子,1,,,,,2021-06-26 06:36:03
1342,社会学原論B,人見　泰弘,1,,,,,2021-06-26 06:36:03
1341,コンピューティング応用G,稲垣　秀人,1,,,,,2021-06-26 06:36:03
1340,メディア社会学初年次応用ゼミ,牛山　佳菜代,1,,,,,2021-06-26 06:36:03
1339,メディア社会学初年次応用ゼミ,粉川　一郎,1,,,,,2021-06-26 06:36:03
1338,メディア社会学初年次応用ゼミ,尾形　泰伸,1,,,,,2021-06-26 06:36:03
1337,メディア社会学初年次応用ゼミ,兼古　勝史,1,,,,,2021-06-26 06:36:03
1336,メディア社会学初年次応用ゼミ,針原　素子,1,,,,,2021-06-26 06:36:03
1335,メディア社会学初年次応用ゼミ,松本　恭幸,1,,,,,2021-06-26 06:36:03
1334,メディア分析法C,渋谷　遊野,1,,,,,2021-06-26 06:36:03
1333,社会学初年次応用ゼミ,玉置　佑介,1,,,,,2021-06-26 06:36:03
1332,社会学初年次応用ゼミ,大屋　幸恵,1,,,,,2021-06-26 06:36:03
1331,社会学初年次応用ゼミ,林　雄亮,1,,,,,2021-06-26 06:36:03
1330,社会学初年次応用ゼミ,千田　有紀,1,,,,,2021-06-26 06:36:03
1329,社会学史,入江　公康,1,,,,,2021-06-26 06:36:03
1328,Sociology,垂見　裕子,1,,,,,2021-06-26 06:36:03
1327,選択中国語基礎2,斉　金英,1,,,,,2021-06-26 06:36:03
1326,コンピューティング応用D,元村　直樹,1,,,,,2021-06-26 06:36:03
1325,選択スペイン語基礎2,保崎　典子,1,,,,,2021-06-26 06:36:03
1324,選択中国語基礎2,孫　月鶯,1,,,,,2021-06-26 06:36:03
1323,選択中国語基礎2,内田　宏美,1,,,,,2021-06-26 06:36:03
1322,選択フランス語基礎2,木下　晴美,1,,,,,2021-06-26 06:36:03
1321,クリティカル・シンキング,針原　素子,1,,,,,2021-06-26 06:36:03
1320,選択韓国・朝鮮語基礎2,金　順玉,1,,,,,2021-06-26 06:36:03
1319,メディア社会学初年次応用ゼミ,石山　玲子,1,,,,,2021-06-26 06:36:03
1318,メディア社会学初年次応用ゼミ,藤井　達也,1,,,,,2021-06-26 06:36:03
1317,メディア社会学初年次応用ゼミ,永田　浩三,1,,,,,2021-06-26 06:36:03
1316,コミュニケーション理論,橋元　良明,1,,,,,2021-06-26 06:36:03
1315,社会学原論B,垂見　裕子,1,,,,,2021-06-26 06:36:03
1314,データサイエンス基礎,庄司　昌彦,1,,,,,2021-06-26 06:36:03
1313,データサイエンス基礎,庄司　昌彦,1,,,,,2021-06-26 06:36:03
1312,メディア学説史,池上　賢,1,,,,,2021-06-26 06:36:03
1311,選択ドイツ語基礎2,泉谷　千尋,1,,,,,2021-06-26 06:36:03
1310,選択ドイツ語基礎2,川嶋　正幸,1,,,,,2021-06-26 06:36:03
1309,メディア社会学,宇治橋　祐之,1,,,,,2021-06-26 06:36:03
1308,選択イタリア語基礎1,一ノ瀬　俊和,1,,,,,2021-06-26 06:36:03
1307,選択スペイン語基礎1,和田　杏子,1,,,,,2021-06-26 06:36:03
1306,選択スペイン語基礎1,安藤　万奈,1,,,,,2021-06-26 06:36:03
1305,卒業論文・卒業制作,中橋　雄,1,,,,,2021-06-26 06:36:03
1304,卒業論文・卒業制作,小田原　敏,1,,,,,2021-06-26 06:36:03
1303,メディア社会学卒業研究ゼミ,中橋　雄,1,,,,,2021-06-26 06:36:03
1302,メディア社会学卒業研究ゼミ,小田原　敏,1,,,,,2021-06-26 06:36:03
1301,コンピューティング応用A,岩崎　有一,1,,,,,2021-06-26 06:36:03
1300,卒業論文,林　雄亮,1,,,,,2021-06-26 06:36:03
1299,社会学卒業研究ゼミ,林　雄亮,1,,,,,2021-06-26 06:36:03
1298,社会学方法論ゼミ,橋本　みゆき,1,,,,,2021-06-26 06:36:03
1297,社会学方法論ゼミ,小谷　祐一朗,1,,,,,2021-06-26 06:36:03
1296,社会学方法論ゼミ,栗田　知宏,1,,,,,2021-06-26 06:36:03
1295,質的社会調査方法論,玉置　佑介,1,,,,,2021-06-26 06:36:03
1294,メディア社会学方法論ゼミ,浜田　忠久,1,,,,,2021-06-26 06:36:03
1293,メディア社会学方法論ゼミ,鈴木　賀津彦,1,,,,,2021-06-26 06:36:03
1292,社会学初年次基礎ゼミ,品治　佑吉,1,,,,,2021-06-26 06:36:03
1291,社会学初年次基礎ゼミ,笹野　悦子,1,,,,,2021-06-26 06:36:03
1290,社会学初年次基礎ゼミ,保田　幸子,1,,,,,2021-06-26 06:36:03
1289,社会学初年次基礎ゼミ,高橋　幸,1,,,,,2021-06-26 06:36:03
1288,論文の書き方,芦田　明美,1,,,,,2021-06-26 06:36:03
1287,メディア社会学専門ゼミ2,奥村　信幸,1,,,,,2021-06-26 06:36:03
1286,メディア社会学専門ゼミ1,奥村　信幸,1,,,,,2021-06-26 06:36:03
1285,メディア社会学方法論ゼミ,南田　勝也,1,,,,,2021-06-26 06:36:03
1284,卒業論文,林　玲美,1,,,,,2021-06-26 06:36:03
1283,卒業論文,木村　未和,1,,,,,2021-06-26 06:36:03
1282,卒業論文,松井　隆志,1,,,,,2021-06-26 06:36:03
1281,社会学卒業研究ゼミ,林　玲美,1,,,,,2021-06-26 06:36:03
1280,社会学卒業研究ゼミ,木村　未和,1,,,,,2021-06-26 06:36:03
1279,社会学卒業研究ゼミ,松井　隆志,1,,,,,2021-06-26 06:36:03
1278,選択フランス語基礎1,田中　正邦,1,,,,,2021-06-26 06:36:03
1277,卒業論文・卒業制作,南田　勝也,1,,,,,2021-06-26 06:36:03
1276,卒業論文・卒業制作,庄司　昌彦,1,,,,,2021-06-26 06:36:03
1275,卒業論文・卒業制作,粉川　一郎,1,,,,,2021-06-26 06:36:03
1274,卒業論文・卒業制作,奥村　信幸,1,,,,,2021-06-26 06:36:03
1273,メディア社会学卒業研究ゼミ,南田　勝也,1,,,,,2021-06-26 06:36:03
1272,メディア社会学卒業研究ゼミ,庄司　昌彦,1,,,,,2021-06-26 06:36:03
1271,メディア社会学卒業研究ゼミ,粉川　一郎,1,,,,,2021-06-26 06:36:03
1270,メディア社会学卒業研究ゼミ,奥村　信幸,1,,,,,2021-06-26 06:36:03
1269,卒業論文,人見　泰弘,1,,,,,2021-06-26 06:36:03
1268,社会学卒業研究ゼミ,人見　泰弘,1,,,,,2021-06-26 06:36:03
1267,社会学専門ゼミ2,徳久　美生子,1,,,,,2021-06-26 06:36:03
1266,社会学専門ゼミ2,林　玲美,1,,,,,2021-06-26 06:36:03
1265,社会学専門ゼミ2,安藤　丈将,1,,,,,2021-06-26 06:36:03
1264,社会学専門ゼミ1,徳久　美生子,1,,,,,2021-06-26 06:36:03
1263,社会学専門ゼミ1,林　玲美,1,,,,,2021-06-26 06:36:03
1262,社会学専門ゼミ1,安藤　丈将,1,,,,,2021-06-26 06:36:03
1261,社会統計学2,林　雄亮,1,,,,,2021-06-26 06:36:03
1260,社会調査方法論基礎1,玉置　佑介,1,,,,,2021-06-26 06:36:03
1259,定量データ分析法B,庄司　昌彦,1,,,,,2021-06-26 06:36:03
1258,卒業論文・卒業制作,永田　浩三,1,,,,,2021-06-26 06:36:03
1257,メディア社会学卒業研究ゼミ,永田　浩三,1,,,,,2021-06-26 06:36:03
1256,コンピューティング基礎,玉置　佑介,1,,,,,2021-06-26 06:36:03
1255,コンピューティング基礎,池田　陽子,1,,,,,2021-06-26 06:36:03
1254,コンピューティング基礎,藤井　達也,1,,,,,2021-06-26 06:36:03
1253,卒業論文・卒業制作,アンジェロ・イシ,1,,,,,2021-06-26 06:36:03
1252,メディア社会学卒業研究ゼミ,アンジェロ・イシ,1,,,,,2021-06-26 06:36:03
1251,メディア社会学専門ゼミ2,小田原　敏,1,,,,,2021-06-26 06:36:03
1250,メディア社会学専門ゼミ1,小田原　敏,1,,,,,2021-06-26 06:36:03
1249,メディア社会学方法論ゼミ,岩崎　有一,1,,,,,2021-06-26 06:36:03
1248,社会統計学1,林　雄亮,1,,,,,2021-06-26 06:36:03
1247,参与観察調査方法論,四條　真也,1,,,,,2021-06-26 06:36:03
1246,社会学原論A,人見　泰弘,1,,,,,2021-06-26 06:36:03
1245,メディア社会学専門ゼミ2,南田　勝也,1,,,,,2021-06-26 06:36:03
1244,メディア社会学専門ゼミ2,アンジェロ・イシ,1,,,,,2021-06-26 06:36:03
1243,メディア社会学専門ゼミ1,南田　勝也,1,,,,,2021-06-26 06:36:03
1242,メディア社会学専門ゼミ1,アンジェロ・イシ,1,,,,,2021-06-26 06:36:03
1241,メディア社会学初年次基礎ゼミ,尾形　泰伸,1,,,,,2021-06-26 06:36:03
1240,メディア社会学初年次基礎ゼミ,粉川　一郎,1,,,,,2021-06-26 06:36:03
1239,メディア社会学初年次基礎ゼミ,牛山　佳菜代,1,,,,,2021-06-26 06:36:03
1238,メディア社会学初年次基礎ゼミ,兼古　勝史,1,,,,,2021-06-26 06:36:03
1237,メディア社会学初年次基礎ゼミ,玉置　佑介,1,,,,,2021-06-26 06:36:03
1236,メディア社会学初年次基礎ゼミ,松本　恭幸,1,,,,,2021-06-26 06:36:03
1235,メディア社会学初年次基礎ゼミ,針原　素子,1,,,,,2021-06-26 06:36:03
1234,社会学初年次基礎ゼミ,安藤　丈将,1,,,,,2021-06-26 06:36:03
1233,社会学初年次基礎ゼミ,松井　隆志,1,,,,,2021-06-26 06:36:03
1232,社会学初年次基礎ゼミ,千田　有紀,1,,,,,2021-06-26 06:36:03
1231,社会学初年次基礎ゼミ,林　雄亮,1,,,,,2021-06-26 06:36:03
1230,社会学初年次基礎ゼミ,大屋　幸恵,1,,,,,2021-06-26 06:36:03
1229,社会学原論A,垂見　裕子,1,,,,,2021-06-26 06:36:03
1228,メディア社会学専門ゼミ2,松本　恭幸,1,,,,,2021-06-26 06:36:03
1227,メディア社会学専門ゼミ1,松本　恭幸,1,,,,,2021-06-26 06:36:03
1226,卒業論文,内藤　暁子,1,,,,,2021-06-26 06:36:03
1225,卒業論文,千田　有紀,1,,,,,2021-06-26 06:36:03
1224,社会学卒業研究ゼミ,内藤　暁子,1,,,,,2021-06-26 06:36:03
1223,社会学卒業研究ゼミ,千田　有紀,1,,,,,2021-06-26 06:36:03
1222,社会学専門ゼミ2,木村　未和,1,,,,,2021-06-26 06:36:03
1221,社会学専門ゼミ1,木村　未和,1,,,,,2021-06-26 06:36:03
1220,選択中国語基礎1,斉　金英,1,,,,,2021-06-26 06:36:03
1219,英語II,岩佐　愛,1,,,,,2021-06-26 06:36:03
1218,メディア社会学専門ゼミ2,永田　浩三,1,,,,,2021-06-26 06:36:03
1217,メディア社会学専門ゼミ1,永田　浩三,1,,,,,2021-06-26 06:36:03
1216,卒業論文,垂見　裕子,1,,,,,2021-06-26 06:36:03
1215,社会学卒業研究ゼミ,垂見　裕子,1,,,,,2021-06-26 06:36:03
1214,社会学専門ゼミ2,内藤　暁子,1,,,,,2021-06-26 06:36:03
1213,社会学専門ゼミ1,内藤　暁子,1,,,,,2021-06-26 06:36:03
1212,社会学方法論ゼミ,竹田　恵子,1,,,,,2021-06-26 06:36:03
1211,社会学方法論ゼミ,清水　亮,1,,,,,2021-06-26 06:36:03
1210,英語II,北村　紗衣,1,,,,,2021-06-26 06:36:03
1209,卒業論文,徳久　美生子,1,,,,,2021-06-26 06:36:03
1208,卒業論文,大屋　幸恵,1,,,,,2021-06-26 06:36:03
1207,社会学卒業研究ゼミ,徳久　美生子,1,,,,,2021-06-26 06:36:03
1206,社会学卒業研究ゼミ,大屋　幸恵,1,,,,,2021-06-26 06:36:03
1205,選択スペイン語基礎1,保崎　典子,1,,,,,2021-06-26 06:36:03
1204,メディア社会学専門ゼミ2,針原　素子,1,,,,,2021-06-26 06:36:03
1203,メディア社会学専門ゼミ2,中橋　雄,1,,,,,2021-06-26 06:36:03
1202,メディア社会学専門ゼミ1,針原　素子,1,,,,,2021-06-26 06:36:03
1201,メディア社会学専門ゼミ1,中橋　雄,1,,,,,2021-06-26 06:36:03
1200,選択中国語基礎1,孫　月鶯,1,,,,,2021-06-26 06:36:03
1199,選択中国語基礎1,内田　宏美,1,,,,,2021-06-26 06:36:03
1198,選択フランス語基礎1,木下　晴美,1,,,,,2021-06-26 06:36:03
1197,メディア社会学方法論ゼミ,尾形　泰伸,1,,,,,2021-06-26 06:36:03
1196,メディア社会学方法論ゼミ,オースミ　ユーカ,1,,,,,2021-06-26 06:36:03
1195,メディア社会学方法論ゼミ,森田　淳子,1,,,,,2021-06-26 06:36:03
1194,メディア社会学初年次基礎ゼミ,庄司　昌彦,1,,,,,2021-06-26 06:36:03
1193,社会学専門ゼミ2,垂見　裕子,1,,,,,2021-06-26 06:36:03
1192,社会学専門ゼミ2,林　雄亮,1,,,,,2021-06-26 06:36:03
1191,社会学専門ゼミ1,垂見　裕子,1,,,,,2021-06-26 06:36:03
1190,社会学専門ゼミ1,林　雄亮,1,,,,,2021-06-26 06:36:03
1189,社会学方法論ゼミ,人見　泰弘,1,,,,,2021-06-26 06:36:03
1188,社会学方法論ゼミ,曹　慶鎬,1,,,,,2021-06-26 06:36:03
1187,社会学方法論ゼミ,内藤　暁子,1,,,,,2021-06-26 06:36:03
1186,社会学方法論ゼミ,菊地　英明,1,,,,,2021-06-26 06:36:03
1185,社会学初年次基礎ゼミ,庄司　昌彦,1,,,,,2021-06-26 06:36:03
1184,卒業論文・卒業制作,松本　恭幸,1,,,,,2021-06-26 06:36:03
1183,卒業論文・卒業制作,針原　素子,1,,,,,2021-06-26 06:36:03
1182,メディア社会学卒業研究ゼミ,松本　恭幸,1,,,,,2021-06-26 06:36:03
1181,メディア社会学卒業研究ゼミ,針原　素子,1,,,,,2021-06-26 06:36:03
1180,社会学原論A,清原　悠,1,,,,,2021-06-26 06:36:03
1179,社会学専門ゼミ2,千田　有紀,1,,,,,2021-06-26 06:36:03
1178,社会学専門ゼミ1,千田　有紀,1,,,,,2021-06-26 06:36:03
1177,社会学方法論ゼミ,松井　隆志,1,,,,,2021-06-26 06:36:03
1176,選択韓国・朝鮮語基礎1,金　順玉,1,,,,,2021-06-26 06:36:03
1175,メディア社会学専門ゼミ2,庄司　昌彦,1,,,,,2021-06-26 06:36:03
1174,メディア社会学専門ゼミ2,粉川　一郎,1,,,,,2021-06-26 06:36:03
1173,メディア社会学専門ゼミ1,庄司　昌彦,1,,,,,2021-06-26 06:36:03
1172,メディア社会学専門ゼミ1,粉川　一郎,1,,,,,2021-06-26 06:36:03
1171,メディア社会学初年次基礎ゼミ,石山　玲子,1,,,,,2021-06-26 06:36:03
1170,メディア社会学初年次基礎ゼミ,永田　浩三,1,,,,,2021-06-26 06:36:03
1169,社会学専門ゼミ2,菊地　英明,1,,,,,2021-06-26 06:36:03
1168,社会学専門ゼミ2,人見　泰弘,1,,,,,2021-06-26 06:36:03
1167,社会学専門ゼミ1,菊地　英明,1,,,,,2021-06-26 06:36:03
1166,社会学専門ゼミ1,人見　泰弘,1,,,,,2021-06-26 06:36:03
1165,メディア社会学方法論ゼミ,永田　浩三,1,,,,,2021-06-26 06:36:03
1164,社会学専門ゼミ2,大屋　幸恵,1,,,,,2021-06-26 06:36:03
1163,社会学専門ゼミ2,松井　隆志,1,,,,,2021-06-26 06:36:03
1162,社会学専門ゼミ1,大屋　幸恵,1,,,,,2021-06-26 06:36:03
1161,社会学専門ゼミ1,松井　隆志,1,,,,,2021-06-26 06:36:03
1160,量的社会調査方法論,脇田　彩,1,,,,,2021-06-26 06:36:03
1159,卒業論文,安藤　丈将,1,,,,,2021-06-26 06:36:03
1158,卒業論文,菊地　英明,1,,,,,2021-06-26 06:36:03
1157,社会学卒業研究ゼミ,安藤　丈将,1,,,,,2021-06-26 06:36:03
1156,社会学卒業研究ゼミ,菊地　英明,1,,,,,2021-06-26 06:36:03
1155,選択ドイツ語基礎1,泉谷　千尋,1,,,,,2021-06-26 06:36:03
1154,選択ドイツ語基礎1,川嶋　正幸,1,,,,,2021-06-26 06:36:03
1153,コンピューティング基礎,清原　悠,1,,,,,2021-06-26 06:36:03
1152,コンピューティング基礎,諫山　三武,1,,,,,2021-06-26 06:36:03
1151,現代日本の課題,高橋　徳行,1,,,,,2021-06-26 06:36:03
1150,グローバリズムと21世紀,藤井　達夫,1,,,,,2021-06-26 06:36:03
1149,ヨーロッパ環境論,安達　亜紀,1,,,,,2021-06-26 06:36:03
1148,専門ゼミナール(歴史と文化)2C,原田　晶子,1,,,,,2021-06-26 06:36:03
1147,ゲーム理論入門,吉田　昌裕,1,,,,,2021-06-26 06:36:03
1146,GSC中級ドイツ語1,ベレーナ・カレンベルク,1,,,,,2021-06-26 06:36:03
1145,留学のための英語講座B2,リチャード・マーシュ,1,,,,,2021-06-26 06:36:03
1144,放送メディアの社会学,宇治橋　祐之,1,,,,,2021-06-26 06:36:03
1143,ポピュラー音楽論,南田　勝也,1,,,,,2021-06-26 06:36:03
1142,博物館実習2,丸山　伸彦,1,,,,,2021-06-26 06:36:03
1141,社会科・地歴科教育方法論2,梅野　正信,1,,,,,2021-06-26 06:36:03
1140,Introduction to Human Rights,エディー・ハーン,1,,,,,2021-06-26 06:36:03
1139,経済ニュース・リーディング,守谷　治,1,,,,,2021-06-26 06:36:03
1138,現代社会と人権,人見　泰弘,1,,,,,2021-06-26 06:36:03
1137,比較生活文化演習2,西村　敏也,1,,,,,2021-06-26 06:36:03
1136,日本近代文学演習2,藤田　佑,1,,,,,2021-06-26 06:36:03
1135,日本考古学2,山本　典幸,1,,,,,2021-06-26 06:36:03
1134,地中海文明論,山口　京一郎,1,,,,,2021-06-26 06:36:03
1133,TOEICイングリッシュ2,ジェフ・ワスティラ,1,,,,,2021-06-26 06:36:03
1132,留学のための英語講座A2,ブルース・ブリンクマン,1,,,,,2021-06-26 06:36:03
1131,Technology and Society in East Asia,スボーダナ・ウィジェーラトナー,1,,,,,2021-06-26 06:36:03
1130,ビジネス・コミュニケーション英語2,リチャード・マーシュ,1,,,,,2021-06-26 06:36:03
1129,他者理解とコミュニケーション,石井　幸夫,1,,,,,2021-06-26 06:36:03
1128,地誌概説,石飛　一吉,1,,,,,2021-06-26 06:36:03
1127,中国史2,持田　洋平,1,,,,,2021-06-26 06:36:03
1126,ヨーロッパ文化入門講座,小森　謙一郎,1,,,,,2021-06-26 06:36:03
1125,Media in East Asia,池田　陽子,1,,,,,2021-06-26 06:36:03
1124,ディスカッション・ディベート英語2,マシュー・カールセン,1,,,,,2021-06-26 06:36:03
1123,教育行政学,高橋　寛人,1,,,,,2021-06-26 06:36:03
1122,人権ワークショップ,福田　紀子,1,,,,,2021-06-26 06:36:03
1121,日本建築史2,中尾　七重,1,,,,,2021-06-26 06:36:03
1120,ドイツ語LL,三澤　真,1,,,,,2021-06-26 06:36:03
1119,データサイエンス特別講義,林田　英雄,1,,,,,2021-06-26 06:36:03
1118,プラクティカル・イングリッシュ2,ゾラナ・ワシレビッチ,1,,,,,2021-06-26 06:36:03
1117,英語教育方法論4,湯舟　英一,1,,,,,2021-06-26 06:36:03
1116,特別支援教育概論,笹森　洋樹,1,,,,,2021-06-26 06:36:03
1115,Mathematics and Statistics(a),鈴木　唯,1,,,,,2021-06-26 06:36:03
1114,政治学概説(国際政治を含む),村田　玲,1,,,,,2021-06-26 06:36:03
1113,民俗宗教演習2,石垣　悟,1,,,,,2021-06-26 06:36:03
1112,日本語の教授法演習2,自見　まき子,1,,,,,2021-06-26 06:36:03
1111,比較生活文化論2,西村　敏也,1,,,,,2021-06-26 06:36:03
1110,日本の仏教2,市川　浩史,1,,,,,2021-06-26 06:36:03
1109,日本環境文化史2,岸本　昌也,1,,,,,2021-06-26 06:36:03
1108,初級ドイツ語会話2,ディータ・シュミット,1,,,,,2021-06-26 06:36:03
1107,ヨーロッパの言語と文化2,髭　郁彦,1,,,,,2021-06-26 06:36:03
1106,ヨーロッパ交流史,原田　晶子,1,,,,,2021-06-26 06:36:03
1105,比較建築空間論,小澤　京子,1,,,,,2021-06-26 06:36:03
1104,専門ゼミナール(芸術と文化)2E,香川　檀,1,,,,,2021-06-26 06:36:03
1103,中級ゼミナール2,林　敬太,1,,,,,2021-06-26 06:36:03
1102,中級ゼミナール2,安達　亜紀,1,,,,,2021-06-26 06:36:03
1101,GSC Seminar (Global Japanese Studies) 2,リンジー・モリソン,1,,,,,2021-06-26 06:36:03
1100,GSC Seminar (Global Japanese Studies) 2,パトリック・シュウェマー,1,,,,,2021-06-26 06:36:03
1099,GSC Seminar (Global Relations) 2,エディー・ハーン,1,,,,,2021-06-26 06:36:03
1098,GSC Seminar (Global Relations) 2,ブライアン・マサハート,1,,,,,2021-06-26 06:36:03
1097,異文化コミュニケーション論2,平野　邦輔,1,,,,,2021-06-26 06:36:03
1096,アメリカ史2,平井　康大,1,,,,,2021-06-26 06:36:03
1095,ドイツ語入門2,渡辺　幸子,1,,,,,2021-06-26 06:36:03
1094,情報科教育方法論2,冨士田　浩之,1,,,,,2021-06-26 06:36:03
1093,社会科・地歴科教育方法論2,米山　宏史,1,,,,,2021-06-26 06:36:03
1092,国語教育方法論2,佐藤　広子,1,,,,,2021-06-26 06:36:03
1091,Introduction to Personal Health and Wellness,ケリー・マックグラス,1,,,,,2021-06-26 06:36:03
1090,日本幻想文学演習2,梅山　聡,1,,,,,2021-06-26 06:36:03
1089,中国語応用2,久保田　知敏,1,,,,,2021-06-26 06:36:03
1088,東アジアの宗教2,李　和書,1,,,,,2021-06-26 06:36:03
1087,日中交流史2,米谷　均,1,,,,,2021-06-26 06:36:03
1086,ドイツ語論述実習2,ベレーナ・カレンベルク,1,,,,,2021-06-26 06:36:03
1085,独検対策講座,泉谷　千尋,1,,,,,2021-06-26 06:36:03
1084,ラテン語学2,山田　哲子,1,,,,,2021-06-26 06:36:03
1083,英米の社会ゼミナール2,庭山　雄吉,1,,,,,2021-06-26 06:36:03
1082,英語圏の宗教と文化2,尾山　キャサリン,1,,,,,2021-06-26 06:36:03
1081,GSC初級ドイツ語1,ベレーナ・カレンベルク,1,,,,,2021-06-26 06:36:03
1080,Film Studies in East Asia,浜崎　史菜,1,,,,,2021-06-26 06:36:03
1079,日本語(上級)2 （2,三島　暁子,1,,,,,2021-06-26 06:36:03
1078,ロシア語コミュニケーション2,光井　明日香,1,,,,,2021-06-26 06:36:03
1077,中国語中級2,顧　銘,1,,,,,2021-06-26 06:36:03
1076,クリエイティブ･ライティング･イン･イングリッシュ2,テーラー・ミニオン,1,,,,,2021-06-26 06:36:03
1075,教育学特論B,柄本　健太郎,1,,,,,2021-06-26 06:36:03
1074,国語教育方法論4,代島　克信,1,,,,,2021-06-26 06:36:03
1073,物理学ラボワークB,橋本　道雄,1,,,,,2021-06-26 06:36:03
1072,中国史演習2,黒岩　高,1,,,,,2021-06-26 06:36:03
1071,日本の思想2,矢崎　浩之,1,,,,,2021-06-26 06:36:03
1070,ヨーロッパ文化基礎ゼミナール2,木元　豊,1,,,,,2021-06-26 06:36:03
1069,初級フランス語会話2,クリストフ・ラヴィニャス,1,,,,,2021-06-26 06:36:03
1068,専門ゼミナール(歴史と文化)2B,増田　一夫,1,,,,,2021-06-26 06:36:03
1067,GSC Seminar (Global Literature) 2,新田　万里江,1,,,,,2021-06-26 06:36:03
1066,英語教育ゼミナール2,中村　詩のぶ,1,,,,,2021-06-26 06:36:03
1065,Discussion and Presentation 2,マシュー・カールセン,1,,,,,2021-06-26 06:36:03
1064,英米の芸術ゼミナール2,岩佐　愛,1,,,,,2021-06-26 06:36:03
1063,発音クリニック2,氷見　直子,1,,,,,2021-06-26 06:36:03
1062,英会話初級2,ジェフ・ワスティラ,1,,,,,2021-06-26 06:36:03
1061,英語学概論2,谷　憲治,1,,,,,2021-06-26 06:36:03
1060,Japanese Literature,シュテファン・ヴューラー,1,,,,,2021-06-26 06:36:03
1059,Business in East Asia,ミカエル・コトホフ,1,,,,,2021-06-26 06:36:03
1058,問題解決とコンピューティング,冨士田　浩之,1,,,,,2021-06-26 06:36:03
1057,キャリアデザイン演習,西本　万映子,1,,,,,2021-06-26 06:36:03
1056,アダプテッドスポーツ・ワークショップ,荒牧　亜衣,1,,,,,2021-06-26 06:36:03
1055,経済学概説(国際経済を含む),長橋　透,1,,,,,2021-06-26 06:36:03
1054,比較思想(東アジア)2,伊東　貴之,1,,,,,2021-06-26 06:36:03
1053,日本古典文学2,岩田　芳子,1,,,,,2021-06-26 06:36:03
1052,専門ゼミナール(宗教・思想と文化)2B,望月　ゆか,1,,,,,2021-06-26 06:36:03
1051,中級ゼミナール2,小石川　和永,1,,,,,2021-06-26 06:36:03
1050,英語ワークショップ2,ジェフ・ワスティラ,1,,,,,2021-06-26 06:36:03
1049,英語ワークショップ2,リチャード・マーシュ,1,,,,,2021-06-26 06:36:03
1048,英語ワークショップ2,ブルース・ブリンクマン,1,,,,,2021-06-26 06:36:03
1047,リミーディアル・イングリッシュ2,ゲーリー・デンドウ,1,,,,,2021-06-26 06:36:03
1046,GSC中級フランス語1,瀬谷=グロンダン　アンヌオレリ,1,,,,,2021-06-26 06:36:03
1045,人文地理学概説,冨岡　政治,1,,,,,2021-06-26 06:36:03
1044,イタリア語入門2,京藤　好男,1,,,,,2021-06-26 06:36:03
1043,スペイン語入門2,保崎　典子,1,,,,,2021-06-26 06:36:03
1042,博物館資料保存論,加藤　陽介,1,,,,,2021-06-26 06:36:03
1041,Economics(a),東郷　賢,1,,,,,2021-06-26 06:36:03
1040,クリエイティブ・ライティング,三澤　真,1,,,,,2021-06-26 06:36:03
1039,日本の地域言語演習2,川中子　善子,1,,,,,2021-06-26 06:36:03
1038,日本思想史演習2,岡安　儀之,1,,,,,2021-06-26 06:36:03
1037,朝鮮史2,閔　東曄,1,,,,,2021-06-26 06:36:03
1036,ヨーロッパ文化基礎ゼミナール2,西村　淳子,1,,,,,2021-06-26 06:36:03
1035,専門ゼミナール(社会と文化)2A,林　敬太,1,,,,,2021-06-26 06:36:03
1034,宗教学概説,林　伸一郎,1,,,,,2021-06-26 06:36:03
1033,Applied Linguistics Seminar 2,ジェイソン・ホロウェル,1,,,,,2021-06-26 06:36:03
1032,観光文化ゼミナール2,角田　俊男,1,,,,,2021-06-26 06:36:03
1031,英語教育学2,中村　詩のぶ,1,,,,,2021-06-26 06:36:03
1030,コミュニケーション・ゼミナール2,中村　寛,1,,,,,2021-06-26 06:36:03
1029,コミュニケーション・ゼミナール2,新納　卓也,1,,,,,2021-06-26 06:36:03
1028,通訳翻訳実習(英語)2,信常　幸恵,1,,,,,2021-06-26 06:36:03
1027,英作文中級2,加藤　匠,1,,,,,2021-06-26 06:36:03
1026,文化財科学,藥袋　佳孝,1,,,,,2021-06-26 06:36:03
1025,課題解決型国際ゼミナールプロジェクト,エディー・ハーン,1,,,,,2021-06-26 06:36:03
1024,日本の社会と文化2,マシュー・カールセン,1,,,,,2021-06-26 06:36:03
1023,Japan and International Society,ブライアン・マサハート,1,,,,,2021-06-26 06:36:03
1022,フランス語中級2,内藤　雅文,1,,,,,2021-06-26 06:36:03
1021,教育経営学,末松　裕基,1,,,,,2021-06-26 06:36:03
1020,Introduction to Global History,パトリック・シュウェマー,1,,,,,2021-06-26 06:36:03
1019,文化財リサーチプロジェクト,佐々木　淑美,1,,,,,2021-06-26 06:36:03
1018,生物学ラボワークB,丸橋　珠樹,1,,,,,2021-06-26 06:36:03
1017,日本史概説,西村　敏也,1,,,,,2021-06-26 06:36:03
1016,日本近現代史演習2,岸本　昌也,1,,,,,2021-06-26 06:36:03
1015,日本語の教授法2,自見　まき子,1,,,,,2021-06-26 06:36:03
1014,日本古典文学史2,福田　武史,1,,,,,2021-06-26 06:36:03
1013,ヨーロッパの民俗文化,林　敬太,1,,,,,2021-06-26 06:36:03
1012,専門ゼミナール(歴史と文化)2A,舘　葉月,1,,,,,2021-06-26 06:36:03
1011,Contemporary Japanese Culture 2,レティツィア・グアリーニ,1,,,,,2021-06-26 06:36:03
1010,英語音声学2,湯舟　英一,1,,,,,2021-06-26 06:36:03
1009,コミュニケーション・ゼミナール2,直井　一博,1,,,,,2021-06-26 06:36:03
1008,イギリスの文学2,北村　紗衣,1,,,,,2021-06-26 06:36:03
1007,アメリカの歴史と社会2,菱田　幸子,1,,,,,2021-06-26 06:36:03
1006,グローバル・リーダーシップ養成講座2,ブライアン・マサハート,1,,,,,2021-06-26 06:36:03
1005,グローバル・コミュニケーション2,ミカエル・コトホフ,1,,,,,2021-06-26 06:36:03
1004,メディア法制と倫理,奥村　信幸,1,,,,,2021-06-26 06:36:03
1003,韓国・朝鮮語コミュニケーション2,金　景彩,1,,,,,2021-06-26 06:36:03
1002,中等社会科研究2,杉浦　正和,1,,,,,2021-06-26 06:36:03
1001,日本の言語文化演習2,小川　栄一,1,,,,,2021-06-26 06:36:03
1000,日本古典文学演習(古代)2,福田　武史,1,,,,,2021-06-26 06:36:03
999,日本芸能史演習2,漆澤　その子,1,,,,,2021-06-26 06:36:03
998,中国思想史演習2,水口　拓寿,1,,,,,2021-06-26 06:36:03
997,文化人類学概論1,西澤　治彦,1,,,,,2021-06-26 06:36:03
996,日本中世史2,桃崎　有一郎,1,,,,,2021-06-26 06:36:03
995,イスラーム文化論2,高野　太輔,1,,,,,2021-06-26 06:36:03
994,中級フランス語会話2,小山　ブリジット,1,,,,,2021-06-26 06:36:03
993,初級フランス語会話2,瀬谷=グロンダン　アンヌオレリ,1,,,,,2021-06-26 06:36:03
992,フランス思想史2,望月　ゆか,1,,,,,2021-06-26 06:36:03
991,専門ゼミナール(社会と文化)2C,小森　謙一郎,1,,,,,2021-06-26 06:36:03
990,コミュニケーション・ゼミナール2,谷　憲治,1,,,,,2021-06-26 06:36:03
989,イギリス史ゼミナール2,土方　史織,1,,,,,2021-06-26 06:36:03
988,英会話中級2,尾山　キャサリン,1,,,,,2021-06-26 06:36:03
987,英米の芸術2,岩佐　愛,1,,,,,2021-06-26 06:36:03
986,韓国・朝鮮の社会と文化2,金　牡蘭,1,,,,,2021-06-26 06:36:03
985,Japanese Culture and Society,マシュー・カールセン,1,,,,,2021-06-26 06:36:03
984,日本語(上級)2 （1,三島　暁子,1,,,,,2021-06-26 06:36:03
983,ロシア語入門2,光井　明日香,1,,,,,2021-06-26 06:36:03
982,スペイン語コミュニケーション2,横藤田　稔泰,1,,,,,2021-06-26 06:36:03
981,イングリッシュ・ライティング・ワークショップ2,アフメッド・ハサン,1,,,,,2021-06-26 06:36:03
980,スポーツ実践9(水泳),時任　真一郎,1,,,,,2021-06-26 06:36:03
979,スポーツ実践6(卓球),流郷　吐夢,1,,,,,2021-06-26 06:36:03
978,スポーツ実践1(バレーボール),荒牧　亜衣,1,,,,,2021-06-26 06:36:03
977,自然地理学概説,井上　耕一郎,1,,,,,2021-06-26 06:36:03
976,イスラーム文化演習2,黒岩　高,1,,,,,2021-06-26 06:36:03
975,日本の思想演習2,矢崎　浩之,1,,,,,2021-06-26 06:36:03
974,日本中世史演習2,桃崎　有一郎,1,,,,,2021-06-26 06:36:03
973,日本考古学演習2,山本　典幸,1,,,,,2021-06-26 06:36:03
972,朝鮮文学演習2,渡辺　直紀,1,,,,,2021-06-26 06:36:03
971,東アジアの美術工芸史2,正田　夏子,1,,,,,2021-06-26 06:36:03
970,中級フランス語作文2,望月　ゆか,1,,,,,2021-06-26 06:36:03
969,ユダヤ文化論,増田　一夫,1,,,,,2021-06-26 06:36:03
968,比較思想(日欧),長倉　誠一,1,,,,,2021-06-26 06:36:03
967,専門ゼミナール(文学と文化)2A,光野　正幸,1,,,,,2021-06-26 06:36:03
966,Transnational Issues 2,エディー・ハーン,1,,,,,2021-06-26 06:36:03
965,English Composition (Advanced) 2,スティーブン・G・モーガン,1,,,,,2021-06-26 06:36:03
964,Communication Seminar (GSC) 2,尾山　キャサリン,1,,,,,2021-06-26 06:36:03
963,英語圏文化ゼミナール2,小森　真樹,1,,,,,2021-06-26 06:36:03
962,英語学ゼミナール2,谷　憲治,1,,,,,2021-06-26 06:36:03
961,多国籍企業論,鈴木　真也,1,,,,,2021-06-26 06:36:03
960,日本経済史2,髙橋　美由紀,1,,,,,2021-06-26 06:36:03
959,インターカルチュラルスキル養成講座2,ミカエル・コトホフ,1,,,,,2021-06-26 06:36:03
958,Japanese History,コリン・タイナー,1,,,,,2021-06-26 06:36:03
957,中国語入門2,持田　洋平,1,,,,,2021-06-26 06:36:03
956,海外調査方法論,山本　早良紗,1,,,,,2021-06-26 06:36:03
955,スポーツ実践5(バドミントン),荒牧　亜衣,1,,,,,2021-06-26 06:36:03
954,学園史100年プロジェクト,清水　敦,1,,,,,2021-06-26 06:36:03
953,日本古典文学演習(中世)2,高木　周,1,,,,,2021-06-26 06:36:03
952,韓国・朝鮮語応用2,渡辺　直紀,1,,,,,2021-06-26 06:36:03
951,日本近現代文学史2,戸塚　学,1,,,,,2021-06-26 06:36:03
950,環日本海文化論2,岡本　真,1,,,,,2021-06-26 06:36:03
949,フランス語LL,田中　正邦,1,,,,,2021-06-26 06:36:03
948,フランス文学史2,木元　豊,1,,,,,2021-06-26 06:36:03
947,Global Literatures in English 2,新田　万里江,1,,,,,2021-06-26 06:36:03
946,英語圏文学ゼミナール2,畑江　里美,1,,,,,2021-06-26 06:36:03
945,ジャパノロジー・イングリッシュ2,ジュリアン・マニング,1,,,,,2021-06-26 06:36:03
944,企業法,水島　治,1,,,,,2021-06-26 06:36:03
943,グローバル・コミュニケーション2,マシュー・カールセン,1,,,,,2021-06-26 06:36:03
942,Seminar in East Asian Studies,マサヒサ・カート・ヤマグチ,1,,,,,2021-06-26 06:36:03
941,デジタル社会論,小田原　敏,1,,,,,2021-06-26 06:36:03
940,イタリア語中級2,京藤　好男,1,,,,,2021-06-26 06:36:03
939,博物館経営論,加藤　陽介,1,,,,,2021-06-26 06:36:03
938,キャリア対策科目,伊藤　恵司,1,,,,,2021-06-26 06:36:03
937,化学ラボワークB,藥袋　佳孝,1,,,,,2021-06-26 06:36:03
936,Listening and Note-taking,トーマス・ガリクソン,1,,,,,2021-06-26 06:36:03
935,日本文化情報演習2,小川　栄一,1,,,,,2021-06-26 06:36:03
934,日本生活文化史演習2,神野　由紀,1,,,,,2021-06-26 06:36:03
933,日本現代文学演習2,戸塚　学,1,,,,,2021-06-26 06:36:03
932,日朝交流史演習2,阪堂　千津子,1,,,,,2021-06-26 06:36:03
931,日本古代史2,倉本　一宏,1,,,,,2021-06-26 06:36:03
930,上級ドイツ語講読2,黒田　享,1,,,,,2021-06-26 06:36:03
929,フランス語学2,西村　淳子,1,,,,,2021-06-26 06:36:03
928,中級ゼミナール2,田口　亜紀,1,,,,,2021-06-26 06:36:03
927,Introduction to Global Futures Studies 2,ブライアン・マサハート,1,,,,,2021-06-26 06:36:03
926,Listening and Note-taking,マックポール・ヒラタ,1,,,,,2021-06-26 06:36:03
925,英語ワークショップ2,加藤　匠,1,,,,,2021-06-26 06:36:03
924,英語ワークショップ2,石本　瑞子,1,,,,,2021-06-26 06:36:03
923,英語ワークショップ2,永井　大輔,1,,,,,2021-06-26 06:36:03
922,コミュニケーション・ゼミナール2,信常　幸恵,1,,,,,2021-06-26 06:36:03
921,アメリカ文学ゼミナール2,新納　卓也,1,,,,,2021-06-26 06:36:03
920,中国語論述実習2,安藤　潤一郎,1,,,,,2021-06-26 06:36:03
919,イギリスの社会と文化2,ティム・ナイト,1,,,,,2021-06-26 06:36:03
918,日本語(中級)2 （4,積　公恵,1,,,,,2021-06-26 06:36:03
917,日本語(初級)2 （4,坂井　菜緒,1,,,,,2021-06-26 06:36:03
916,フランス語教育方法論4,内藤　雅文,1,,,,,2021-06-26 06:36:03
915,Accounting and Finance(a),猪熊　浩子,1,,,,,2021-06-26 06:36:03
914,Career Design in a Global Age,トッド・ルシンスキ,1,,,,,2021-06-26 06:36:03
913,Information Technology and Global Communication,ロヴェ・シンドストラン,1,,,,,2021-06-26 06:36:03
912,スポーツ実践6(卓球),中澤　雄飛,1,,,,,2021-06-26 06:36:03
911,スポーツ実践1(バレーボール),佐々木　亮太,1,,,,,2021-06-26 06:36:03
910,武蔵・環境フィールドワーク,橋本　道雄,1,,,,,2021-06-26 06:36:03
909,倫理学概説,和田　有希子,1,,,,,2021-06-26 06:36:03
908,中国の民族と社会演習2,阿部　朋恒,1,,,,,2021-06-26 06:36:03
907,東アジアの地理と環境2,水口　拓寿,1,,,,,2021-06-26 06:36:03
906,日本の言語文化2,小川　栄一,1,,,,,2021-06-26 06:36:03
905,現代中国論2,張　士陽,1,,,,,2021-06-26 06:36:03
904,初級フランス語作文2,長谷川　久礼満,1,,,,,2021-06-26 06:36:03
903,初級ドイツ語会話2,ラルフ・トレッフェルト - 明仁,1,,,,,2021-06-26 06:36:03
902,フランス史,増田　都希,1,,,,,2021-06-26 06:36:03
901,ドイツ語圏の芸術,香川　檀,1,,,,,2021-06-26 06:36:03
900,専門ゼミナール(文学と文化)2C,桂　元嗣,1,,,,,2021-06-26 06:36:03
899,中級ゼミナール2,新保　淳乃,1,,,,,2021-06-26 06:36:03
898,Communication Seminar (GSC) 2,レティツィア・グアリーニ,1,,,,,2021-06-26 06:36:03
897,Academic Writing Seminar 2,土屋　武久,1,,,,,2021-06-26 06:36:03
896,Academic Presentation Seminar 2,直井　一博,1,,,,,2021-06-26 06:36:03
895,英語圏文化ゼミナール2,吉江　秀和,1,,,,,2021-06-26 06:36:03
894,英語圏文化ゼミナール2,リンジー・モリソン,1,,,,,2021-06-26 06:36:03
893,イギリス文学ゼミナール2,北村　紗衣,1,,,,,2021-06-26 06:36:03
892,アメリカ文学ゼミナール2,新井　景子,1,,,,,2021-06-26 06:36:03
891,アメリカ史ゼミナール2,菱田　幸子,1,,,,,2021-06-26 06:36:03
890,留学入門ゼミナール,ブライアン・マサハート,1,,,,,2021-06-26 06:36:03
889,社会学概説,玉置　佑介,1,,,,,2021-06-26 06:36:03
888,地域とコミュニティの社会学,安藤　丈将,1,,,,,2021-06-26 06:36:03
887,日本語(中級)2 （3,山本　和子,1,,,,,2021-06-26 06:36:03
886,日本語(初中級)2 （3,坂井　菜緒,1,,,,,2021-06-26 06:36:03
885,教職実践演習(中・高),金井　香里,1,,,,,2021-06-26 06:36:03
884,教職実践演習(中・高),米山　宏史,1,,,,,2021-06-26 06:36:03
883,教職実践演習(中・高),柄本　健太郎,1,,,,,2021-06-26 06:36:03
882,教職実践演習(中・高),和井田　清司,1,,,,,2021-06-26 06:36:03
881,ドイツ語教育方法論2,濱野　英巳,1,,,,,2021-06-26 06:36:03
880,スポーツ実践1(バレーボール),浅野　友之,1,,,,,2021-06-26 06:36:03
879,日本近現代文学2,戸塚　学,1,,,,,2021-06-26 06:36:03
878,初級ドイツ語作文2,ラルフ・トレッフェルト - 明仁,1,,,,,2021-06-26 06:36:03
877,北欧文化論,黒田　享,1,,,,,2021-06-26 06:36:03
876,比較芸術論2,小山　ブリジット,1,,,,,2021-06-26 06:36:03
875,ドイツ中世史,高津　秀之,1,,,,,2021-06-26 06:36:03
874,オーストリア・東欧文化論,桂　元嗣,1,,,,,2021-06-26 06:36:03
873,専門ゼミナール(社会と文化)2B,シュテファン・ヴューラー,1,,,,,2021-06-26 06:36:03
872,越境文化論,舘　葉月,1,,,,,2021-06-26 06:36:03
871,Topics in Japanese Culture A2,リンジー・モリソン,1,,,,,2021-06-26 06:36:03
870,コミュニケーション・ゼミナール2,岩佐　愛,1,,,,,2021-06-26 06:36:03
869,言語(英語)文化特講2,土屋　武久,1,,,,,2021-06-26 06:36:03
868,憲法2,望月　穂貴,1,,,,,2021-06-26 06:36:03
867,東アジアの社会と文化2,水本　達也,1,,,,,2021-06-26 06:36:03
866,日本語(中級)2 （2,積　公恵,1,,,,,2021-06-26 06:36:03
865,日本語(初級)2 （2,坂井　菜緒,1,,,,,2021-06-26 06:36:03
864,韓国・朝鮮語入門2,寄田　晴代,1,,,,,2021-06-26 06:36:03
863,中国語入門2,黒岩　高,1,,,,,2021-06-26 06:36:03
862,フランス語入門2,大関　麻由美,1,,,,,2021-06-26 06:36:03
861,英語教育方法論2,直井　一博,1,,,,,2021-06-26 06:36:03
860,Politics(a),根元　邦朗,1,,,,,2021-06-26 06:36:03
859,スポーツ実践3(ファンランニング),森　健一,1,,,,,2021-06-26 06:36:03
858,日本美術工芸史演習2,正田　夏子,1,,,,,2021-06-26 06:36:03
857,日本古文書学演習2,桃崎　有一郎,1,,,,,2021-06-26 06:36:03
856,伝統文化実技演習2,漆澤　その子,1,,,,,2021-06-26 06:36:03
855,日本文化論2,滝口　正哉,1,,,,,2021-06-26 06:36:03
854,朝鮮文学史2,渡辺　直紀,1,,,,,2021-06-26 06:36:03
853,中級ドイツ語会話2,ルディ・ヘニング,1,,,,,2021-06-26 06:36:03
852,ドイツ文学史2,光野　正幸,1,,,,,2021-06-26 06:36:03
851,専門ゼミナール(文学と文化)2B,木元　豊,1,,,,,2021-06-26 06:36:03
850,TOEICイングリッシュ2,氷見　直子,1,,,,,2021-06-26 06:36:03
849,英会話初級2,リチャード・マーシュ,1,,,,,2021-06-26 06:36:03
848,英語圏文化特講2,小森　真樹,1,,,,,2021-06-26 06:36:03
847,コンピュータシステム基礎,梅田　茂樹,1,,,,,2021-06-26 06:36:03
846,現代世界の諸問題2,ジュリアン・マニング,1,,,,,2021-06-26 06:36:03
845,社会科・公民科教育方法論2,和井田　清司,1,,,,,2021-06-26 06:36:03
844,日本古典文学演習(近世)2,日置　貴之,1,,,,,2021-06-26 06:36:03
843,日本・東アジア文化基礎ゼミナール2,水口　拓寿,1,,,,,2021-06-26 06:36:03
842,日本・東アジア文化基礎ゼミナール2,桃崎　有一郎,1,,,,,2021-06-26 06:36:03
841,日本・東アジア文化基礎ゼミナール2,福田　武史,1,,,,,2021-06-26 06:36:03
840,日本・東アジア文化基礎ゼミナール2,福原　敏男,1,,,,,2021-06-26 06:36:03
839,日本・東アジア文化基礎ゼミナール2,漆澤　その子,1,,,,,2021-06-26 06:36:03
838,日本・東アジア文化基礎ゼミナール2,戸塚　学,1,,,,,2021-06-26 06:36:03
837,中国文学演習2,岡山　麻子,1,,,,,2021-06-26 06:36:03
836,ヨーロッパ文化基礎ゼミナール2,黒田　享,1,,,,,2021-06-26 06:36:03
835,ヨーロッパ文化基礎ゼミナール2,香川　檀,1,,,,,2021-06-26 06:36:03
834,ヨーロッパ文化基礎ゼミナール2,桂　元嗣,1,,,,,2021-06-26 06:36:03
833,ヨーロッパ文化基礎ゼミナール2,舘　葉月,1,,,,,2021-06-26 06:36:03
832,初級フランス語会話2,クリスチャン・ケスレー,1,,,,,2021-06-26 06:36:03
831,ドイツ語圏の社会と文化2,泉　ボグミワ,1,,,,,2021-06-26 06:36:03
830,専門ゼミナール(言語と文化)2C,西村　淳子,1,,,,,2021-06-26 06:36:03
829,中級ゼミナール2,光野　正幸,1,,,,,2021-06-26 06:36:03
828,Japanese Cultural History in Global Perspective 2,パトリック・シュウェマー,1,,,,,2021-06-26 06:36:03
827,観光文化論(英米)2,進藤　幸代,1,,,,,2021-06-26 06:36:03
826,TOEICイングリッシュ2,ゲーリー・デンドウ,1,,,,,2021-06-26 06:36:03
825,英会話中級2,カール・マーシャル,1,,,,,2021-06-26 06:36:03
824,英米の社会2,角田　俊男,1,,,,,2021-06-26 06:36:03
823,アメリカの文学2,新井　景子,1,,,,,2021-06-26 06:36:03
822,アメリカの社会と文化2,マシュー・カールセン,1,,,,,2021-06-26 06:36:03
821,出版メディア制作論,小田桐　誠,1,,,,,2021-06-26 06:36:03
820,日本語(中級)2 （1,山本　和子,1,,,,,2021-06-26 06:36:03
819,日本語(初中級)2 （1,坂井　菜緒,1,,,,,2021-06-26 06:36:03
818,イングリッシュ・エクステンシブ・リーディング2,ベンジャミン・タッチャー,1,,,,,2021-06-26 06:36:03
817,博物館資料論,加藤　陽介,1,,,,,2021-06-26 06:36:03
816,現代アート・ワークショップ,瀧本　みわ,1,,,,,2021-06-26 06:36:03
815,書道演習2,山下　由季,1,,,,,2021-06-26 06:36:03
814,日本生活文化史2,神野　由紀,1,,,,,2021-06-26 06:36:03
813,日本語の表現2,小川　栄一,1,,,,,2021-06-26 06:36:03
812,日本近世史2,六本木　健志,1,,,,,2021-06-26 06:36:03
811,中国文学史2,鈴木　弥生,1,,,,,2021-06-26 06:36:03
810,専門ゼミナール(芸術と文化)2D,小山　ブリジット,1,,,,,2021-06-26 06:36:03
809,専門ゼミナール(言語と文化)2A,黒田　享,1,,,,,2021-06-26 06:36:03
808,World Englishes 2,ジェイソン・ホロウェル,1,,,,,2021-06-26 06:36:03
807,英語圏文学入門2,宮本　文,1,,,,,2021-06-26 06:36:03
806,英米の思想2,高島　和哉,1,,,,,2021-06-26 06:36:03
805,日本語(初中級)2 （4,坂井　菜緒,1,,,,,2021-06-26 06:36:03
804,日本語(入門)2 （4,積　公恵,1,,,,,2021-06-26 06:36:03
803,ドイツ語中級2,清水　威能子,1,,,,,2021-06-26 06:36:03
802,イングリッシュ・パフォーマンス・ワークショップ2,トッド・ルシンスキ,1,,,,,2021-06-26 06:36:03
801,教育基礎論,金井　香里,1,,,,,2021-06-26 06:36:03
800,くずし字入門演習2,工藤　航平,1,,,,,2021-06-26 06:36:03
799,日本服飾文化史演習2,丸山　伸彦,1,,,,,2021-06-26 06:36:03
798,民俗宗教論2,福原　敏男,1,,,,,2021-06-26 06:36:03
797,中国の民族と社会2,阿部　朋恒,1,,,,,2021-06-26 06:36:03
796,ルネサンス文化論,新保　淳乃,1,,,,,2021-06-26 06:36:03
795,中級ドイツ語作文2,ラルフ・トレッフェルト - 明仁,1,,,,,2021-06-26 06:36:03
794,フランスの歴史と社会2,クリスチャン・ケスレー,1,,,,,2021-06-26 06:36:03
793,エスニシティの社会学,林　玲美,1,,,,,2021-06-26 06:36:03
792,日本語(初級)2 （3,坂井　菜緒,1,,,,,2021-06-26 06:36:03
791,日本語(入門)2 （3,山本　和子,1,,,,,2021-06-26 06:36:03
790,教育実習1,金井　香里,1,,,,,2021-06-26 06:36:03
789,教育実習1,和井田　清司,1,,,,,2021-06-26 06:36:03
788,教育実習1,柄本　健太郎,1,,,,,2021-06-26 06:36:03
787,教育実習1,米山　宏史,1,,,,,2021-06-26 06:36:03
786,スポーツ実践5(バドミントン),浅野　友之,1,,,,,2021-06-26 06:36:03
785,日本民俗史演習2,福原　敏男,1,,,,,2021-06-26 06:36:03
784,日本服飾文化史2,丸山　伸彦,1,,,,,2021-06-26 06:36:03
783,初級フランス語作文2,片山　幹生,1,,,,,2021-06-26 06:36:03
782,初級フランス語会話2,フランク‐アルノー・メール,1,,,,,2021-06-26 06:36:03
781,Introduction to Cultural Studies 2,シュテファン・ヴューラー,1,,,,,2021-06-26 06:36:03
780,動物社会学,丸橋　珠樹,1,,,,,2021-06-26 06:36:03
779,多文化共生の人類学,内藤　暁子,1,,,,,2021-06-26 06:36:03
778,日本語(初中級)2 （2,坂井　菜緒,1,,,,,2021-06-26 06:36:03
777,日本語(入門)2 （2,積　公恵,1,,,,,2021-06-26 06:36:03
776,教育心理学2(特別支援教育を含む),柄本　健太郎,1,,,,,2021-06-26 06:36:03
775,ライフサイクルと生涯学習,天沼　英雄,1,,,,,2021-06-26 06:36:03
774,日本美術工芸史2,正田　夏子,1,,,,,2021-06-26 06:36:03
773,現代韓国論2,阪堂　千津子,1,,,,,2021-06-26 06:36:03
772,フランス語論述実習2,クリスチャン・ケスレー,1,,,,,2021-06-26 06:36:03
771,仏検対策講座,木下　晴美,1,,,,,2021-06-26 06:36:03
770,初級ドイツ語作文2,ルディ・ヘニング,1,,,,,2021-06-26 06:36:03
769,ヨーロッパの言語と文化1,片山　幹生,1,,,,,2021-06-26 06:36:03
768,Introduction to Global Civics 2,水本　達也,1,,,,,2021-06-26 06:36:03
767,GSC中級フランス語1,小山　ブリジット,1,,,,,2021-06-26 06:36:03
766,GSC初級フランス語1,クリスチャン・ケスレー,1,,,,,2021-06-26 06:36:03
765,メディア研究のフロンティア,辻　泉,1,,,,,2021-06-26 06:36:03
764,福祉社会学,菊地　英明,1,,,,,2021-06-26 06:36:03
763,教育課程編成論,金井　香里,1,,,,,2021-06-26 06:36:03
762,心理学概説,松島　雅子,1,,,,,2021-06-26 06:36:03
761,日本民俗史2,福原　敏男,1,,,,,2021-06-26 06:36:03
760,初級ドイツ語会話2,泉　ボグミワ,1,,,,,2021-06-26 06:36:03
759,比較文学論(日欧),李　哲権,1,,,,,2021-06-26 06:36:03
758,GSC 1st-Year Seminar 2,エディー・ハーン,1,,,,,2021-06-26 06:36:03
757,GSC 1st-Year Seminar 2,リンジー・モリソン,1,,,,,2021-06-26 06:36:03
756,GSC 1st-Year Seminar 2,ブライアン・マサハート,1,,,,,2021-06-26 06:36:03
755,英語英米文化基礎ゼミナール2,永井　大輔,1,,,,,2021-06-26 06:36:03
754,英語英米文化基礎ゼミナール2,小森　真樹,1,,,,,2021-06-26 06:36:03
753,英語英米文化基礎ゼミナール2,北村　紗衣,1,,,,,2021-06-26 06:36:03
752,英語英米文化基礎ゼミナール2,土屋　武久,1,,,,,2021-06-26 06:36:03
751,英語英米文化基礎ゼミナール2,進藤　幸代,1,,,,,2021-06-26 06:36:03
750,英語英米文化基礎ゼミナール2,石本　瑞子,1,,,,,2021-06-26 06:36:03
749,日本語(初級)2 （1,坂井　菜緒,1,,,,,2021-06-26 06:36:03
748,日本語(入門)2 （1,山本　和子,1,,,,,2021-06-26 06:36:03
747,経営情報基礎,朴　英元,1,,,,,2021-06-26 06:36:03
746,イタリア語(選択),倉重　克明,1,,,,,2021-06-26 06:36:03
745,ドイツ語I,ディータ・シュミット,1,,,,,2021-06-26 06:36:03
744,英語II,ジェフ・ワスティラ,1,,,,,2021-06-26 06:36:03
743,専門ゼミナール(歴史と文化)1C,原田　晶子,1,,,,,2021-06-26 06:36:03
742,GSC中級ドイツ語2,ベレーナ・カレンベルク,1,,,,,2021-06-26 06:36:03
741,フランス語I,クリストフ・ラヴィニャス,1,,,,,2021-06-26 06:36:03
740,比較生活文化演習1,西村　敏也,1,,,,,2021-06-26 06:36:03
739,日本近代文学演習1,藤田　佑,1,,,,,2021-06-26 06:36:03
738,日本考古学1,山本　典幸,1,,,,,2021-06-26 06:36:03
737,ヨーロッパ古典文学,山口　京一郎,1,,,,,2021-06-26 06:36:03
736,TOEICイングリッシュ1,ジェフ・ワスティラ,1,,,,,2021-06-26 06:36:03
735,中国史1,持田　洋平,1,,,,,2021-06-26 06:36:03
734,上級フランス語講読2,望月　ゆか,1,,,,,2021-06-26 06:36:03
733,ドイツ語（選択）,関根　裕子,1,,,,,2021-06-26 06:36:03
732,独検対策講座,三澤　真,1,,,,,2021-06-26 06:36:03
731,スイス文化論,若林　恵,1,,,,,2021-06-26 06:36:03
730,フランス語I,内藤　雅文,1,,,,,2021-06-26 06:36:03
729,英語II,大和久　悌一郎,1,,,,,2021-06-26 06:36:03
728,民俗宗教演習1,石垣　悟,1,,,,,2021-06-26 06:36:03
727,日本語の教授法演習1,自見　まき子,1,,,,,2021-06-26 06:36:03
726,比較生活文化論1,西村　敏也,1,,,,,2021-06-26 06:36:03
725,日本環境文化史1,岸本　昌也,1,,,,,2021-06-26 06:36:03
724,初級ドイツ語会話1,ディータ・シュミット,1,,,,,2021-06-26 06:36:03
723,イタリア文化論,一ノ瀬　俊和,1,,,,,2021-06-26 06:36:03
722,専門ゼミナール(芸術と文化)1E,香川　檀,1,,,,,2021-06-26 06:36:03
721,中級ゼミナール1,林　敬太,1,,,,,2021-06-26 06:36:03
720,中級ゼミナール1,安達　亜紀,1,,,,,2021-06-26 06:36:03
719,GSC Seminar (Global Japanese Studies) 1,リンジー・モリソン,1,,,,,2021-06-26 06:36:03
718,GSC Seminar (Global Japanese Studies) 1,パトリック・シュウェマー,1,,,,,2021-06-26 06:36:03
717,GSC Seminar (Global Relations) 1,エディー・ハーン,1,,,,,2021-06-26 06:36:03
716,GSC Seminar (Global Relations) 1,ブライアン・マサハート,1,,,,,2021-06-26 06:36:03
715,異文化コミュニケーション論1,平野　邦輔,1,,,,,2021-06-26 06:36:03
714,アメリカ史1,平井　康大,1,,,,,2021-06-26 06:36:03
713,韓国・朝鮮語II,金　牡蘭,1,,,,,2021-06-26 06:36:03
712,韓国・朝鮮語II,金　景彩,1,,,,,2021-06-26 06:36:03
711,日本幻想文学演習1,梅山　聡,1,,,,,2021-06-26 06:36:03
710,中国語応用1,久保田　知敏,1,,,,,2021-06-26 06:36:03
709,東アジアの宗教1,李　和書,1,,,,,2021-06-26 06:36:03
708,日中交流史1,米谷　均,1,,,,,2021-06-26 06:36:03
707,ドイツ語メディアリテラシー,泉谷　千尋,1,,,,,2021-06-26 06:36:03
706,英米の社会ゼミナール1,庭山　雄吉,1,,,,,2021-06-26 06:36:03
705,英語圏の宗教と文化1,尾山　キャサリン,1,,,,,2021-06-26 06:36:03
704,人文学部合同プロジェクト,金　順玉,1,,,,,2021-06-26 06:36:03
703,イタリア語(選択),一ノ瀬　俊和,1,,,,,2021-06-26 06:36:03
702,スペイン語I,和田　杏子,1,,,,,2021-06-26 06:36:03
701,スペイン語I,横藤田　稔泰,1,,,,,2021-06-26 06:36:03
700,スペイン語I,安藤　万奈,1,,,,,2021-06-26 06:36:03
699,中国語I,斉　金英,1,,,,,2021-06-26 06:36:03
698,英語II,梅垣　代枝野,1,,,,,2021-06-26 06:36:03
697,中国史演習1,黒岩　高,1,,,,,2021-06-26 06:36:03
696,ヨーロッパ文化基礎ゼミナール1,木元　豊,1,,,,,2021-06-26 06:36:03
695,初級フランス語会話1,クリストフ・ラヴィニャス,1,,,,,2021-06-26 06:36:03
694,専門ゼミナール(歴史と文化)1B,増田　一夫,1,,,,,2021-06-26 06:36:03
693,GSC Seminar (Global Literature) 1,新田　万里江,1,,,,,2021-06-26 06:36:03
692,英語教育ゼミナール1,中村　詩のぶ,1,,,,,2021-06-26 06:36:03
691,Discussion and Presentation 1,マシュー・カールセン,1,,,,,2021-06-26 06:36:03
690,英米の芸術ゼミナール1,岩佐　愛,1,,,,,2021-06-26 06:36:03
689,発音クリニック1,氷見　直子,1,,,,,2021-06-26 06:36:03
688,英会話初級1,ジェフ・ワスティラ,1,,,,,2021-06-26 06:36:03
687,英語学概論1,谷　憲治,1,,,,,2021-06-26 06:36:03
686,人文学部合同プロジェクト,簡　秀文,1,,,,,2021-06-26 06:36:03
685,韓国・朝鮮語I,李　侑珍,1,,,,,2021-06-26 06:36:03
684,中国語II,持田　洋平,1,,,,,2021-06-26 06:36:03
683,フランス語（選択）,田中　正邦,1,,,,,2021-06-26 06:36:03
682,フランス語I,西村　淳子,1,,,,,2021-06-26 06:36:03
681,ドイツ語I,川口　眞理,1,,,,,2021-06-26 06:36:03
680,比較思想(東アジア)1,伊東　貴之,1,,,,,2021-06-26 06:36:03
679,日本古典文学1,岩田　芳子,1,,,,,2021-06-26 06:36:03
678,専門ゼミナール(宗教・思想と文化)1B,望月　ゆか,1,,,,,2021-06-26 06:36:03
677,中級ゼミナール1,小石川　和永,1,,,,,2021-06-26 06:36:03
676,英語ワークショップ1,ジェフ・ワスティラ,1,,,,,2021-06-26 06:36:03
675,英語ワークショップ1,リチャード・マーシュ,1,,,,,2021-06-26 06:36:03
674,英語ワークショップ1,ブルース・ブリンクマン,1,,,,,2021-06-26 06:36:03
673,リミーディアル・イングリッシュ1,ゲーリー・デンドウ,1,,,,,2021-06-26 06:36:03
672,人文情報リテラシー,三澤　真,1,,,,,2021-06-26 06:36:03
671,GSC中級フランス語2,瀬谷=グロンダン　アンヌオレリ,1,,,,,2021-06-26 06:36:03
670,英語I,ベンジャミン・タッチャー,1,,,,,2021-06-26 06:36:03
669,日本の地域言語演習1,川中子　善子,1,,,,,2021-06-26 06:36:03
668,日本思想史演習1,岡安　儀之,1,,,,,2021-06-26 06:36:03
667,朝鮮史1,閔　東曄,1,,,,,2021-06-26 06:36:03
666,ヨーロッパ文化基礎ゼミナール1,西村　淳子,1,,,,,2021-06-26 06:36:03
665,ヨーロッパの音楽文化,関根　裕子,1,,,,,2021-06-26 06:36:03
664,専門ゼミナール(社会と文化)1A,林　敬太,1,,,,,2021-06-26 06:36:03
663,Applied Linguistics Seminar 1,ジェイソン・ホロウェル,1,,,,,2021-06-26 06:36:03
662,観光文化ゼミナール1,角田　俊男,1,,,,,2021-06-26 06:36:03
661,英語教育学1,中村　詩のぶ,1,,,,,2021-06-26 06:36:03
660,コミュニケーション・ゼミナール1,中村　寛,1,,,,,2021-06-26 06:36:03
659,コミュニケーション・ゼミナール1,新納　卓也,1,,,,,2021-06-26 06:36:03
658,通訳翻訳実習(英語)1,信常　幸恵,1,,,,,2021-06-26 06:36:03
657,英作文中級1,加藤　匠,1,,,,,2021-06-26 06:36:03
656,中国語II,水口　拓寿,1,,,,,2021-06-26 06:36:03
655,フランス語（選択）,長谷川　久礼満,1,,,,,2021-06-26 06:36:03
654,ドイツ語（選択）,泉　ボグミワ,1,,,,,2021-06-26 06:36:03
653,英語(選択),吉江　秀和,1,,,,,2021-06-26 06:36:03
652,英語(選択),大和久　悌一郎,1,,,,,2021-06-26 06:36:03
651,日本近現代史演習1,岸本　昌也,1,,,,,2021-06-26 06:36:03
650,日本語の教授法1,自見　まき子,1,,,,,2021-06-26 06:36:03
649,日本古典文学史1,福田　武史,1,,,,,2021-06-26 06:36:03
648,ヨーロッパ生活文化論,松平　俊久,1,,,,,2021-06-26 06:36:03
647,専門ゼミナール(歴史と文化)1A,舘　葉月,1,,,,,2021-06-26 06:36:03
646,Contemporary Japanese Culture 1,レティツィア・グアリーニ,1,,,,,2021-06-26 06:36:03
645,英語音声学1,湯舟　英一,1,,,,,2021-06-26 06:36:03
644,コミュニケーション・ゼミナール1,直井　一博,1,,,,,2021-06-26 06:36:03
643,イギリスの文学1,北村　紗衣,1,,,,,2021-06-26 06:36:03
642,アメリカの歴史と社会1,菱田　幸子,1,,,,,2021-06-26 06:36:03
641,日本語I,自見　まき子,1,,,,,2021-06-26 06:36:03
640,フランス語I,木元　豊,1,,,,,2021-06-26 06:36:03
639,ドイツ語II,渡辺　幸子,1,,,,,2021-06-26 06:36:03
638,ドイツ語I,嶋内　博愛,1,,,,,2021-06-26 06:36:03
637,日本の言語文化演習1,小川　栄一,1,,,,,2021-06-26 06:36:03
636,日本古典文学演習(古代)1,福田　武史,1,,,,,2021-06-26 06:36:03
635,日本芸能史演習1,漆澤　その子,1,,,,,2021-06-26 06:36:03
634,中国思想史演習1,水口　拓寿,1,,,,,2021-06-26 06:36:03
633,日本中世史1,桃崎　有一郎,1,,,,,2021-06-26 06:36:03
632,イスラーム文化論1,高野　太輔,1,,,,,2021-06-26 06:36:03
631,中級フランス語会話1,小山　ブリジット,1,,,,,2021-06-26 06:36:03
630,初級フランス語会話1,瀬谷=グロンダン　アンヌオレリ,1,,,,,2021-06-26 06:36:03
629,専門ゼミナール(社会と文化)1C,小森　謙一郎,1,,,,,2021-06-26 06:36:03
628,コミュニケーション・ゼミナール1,谷　憲治,1,,,,,2021-06-26 06:36:03
627,イギリス史ゼミナール1,土方　史織,1,,,,,2021-06-26 06:36:03
626,英会話中級1,尾山　キャサリン,1,,,,,2021-06-26 06:36:03
625,英米の芸術1,岩佐　愛,1,,,,,2021-06-26 06:36:03
624,日本語II,三島　暁子,1,,,,,2021-06-26 06:36:03
623,フランス語I,大関　麻由美,1,,,,,2021-06-26 06:36:03
622,ドイツ語II,泉谷　千尋,1,,,,,2021-06-26 06:36:03
621,イスラーム文化演習1,黒岩　高,1,,,,,2021-06-26 06:36:03
620,日本中世史演習1,桃崎　有一郎,1,,,,,2021-06-26 06:36:03
619,日本考古学演習1,山本　典幸,1,,,,,2021-06-26 06:36:03
618,朝鮮文学演習1,渡辺　直紀,1,,,,,2021-06-26 06:36:03
617,中級フランス語作文1,望月　ゆか,1,,,,,2021-06-26 06:36:03
616,専門ゼミナール(文学と文化)1A,光野　正幸,1,,,,,2021-06-26 06:36:03
615,Transnational Issues 1,エディー・ハーン,1,,,,,2021-06-26 06:36:03
614,English Composition (Advanced) 1,スティーブン・G・モーガン,1,,,,,2021-06-26 06:36:03
613,Communication Seminar (GSC) 1,尾山　キャサリン,1,,,,,2021-06-26 06:36:03
612,英語圏文化ゼミナール1,小森　真樹,1,,,,,2021-06-26 06:36:03
611,英語学ゼミナール1,谷　憲治,1,,,,,2021-06-26 06:36:03
610,韓国・朝鮮語II,きむ　ふな,1,,,,,2021-06-26 06:36:03
609,中国語I,簡　秀文,1,,,,,2021-06-26 06:36:03
608,中国語I,水口　拓寿,1,,,,,2021-06-26 06:36:03
607,フランス語I,舘　葉月,1,,,,,2021-06-26 06:36:03
606,ドイツ語I,辻本　勝好,1,,,,,2021-06-26 06:36:03
605,ドイツ語I,香川　檀,1,,,,,2021-06-26 06:36:03
604,英語II,ブルース・ブリンクマン,1,,,,,2021-06-26 06:36:03
603,日本古典文学演習(中世)1,高木　周,1,,,,,2021-06-26 06:36:03
602,韓国・朝鮮語応用1,渡辺　直紀,1,,,,,2021-06-26 06:36:03
601,仏検対策講座,田中　正邦,1,,,,,2021-06-26 06:36:03
600,Global Literatures in English 1,新田　万里江,1,,,,,2021-06-26 06:36:03
599,英語圏文学ゼミナール1,畑江　里美,1,,,,,2021-06-26 06:36:03
598,ジャパノロジー・イングリッシュ1,ジュリアン・マニング,1,,,,,2021-06-26 06:36:03
597,中国語II,鈴木　弥生,1,,,,,2021-06-26 06:36:03
596,フランス語I,小山　ブリジット,1,,,,,2021-06-26 06:36:03
595,ドイツ語I,林　敬太,1,,,,,2021-06-26 06:36:03
594,日本生活文化史演習1,神野　由紀,1,,,,,2021-06-26 06:36:03
593,日本現代文学演習1,戸塚　学,1,,,,,2021-06-26 06:36:03
592,日朝交流史演習1,阪堂　千津子,1,,,,,2021-06-26 06:36:03
591,日本文化情報演習1,小川　栄一,1,,,,,2021-06-26 06:36:03
590,日本古代史1,倉本　一宏,1,,,,,2021-06-26 06:36:03
589,中級ゼミナール1,田口　亜紀,1,,,,,2021-06-26 06:36:03
588,Introduction to Global Futures Studies 1,ブライアン・マサハート,1,,,,,2021-06-26 06:36:03
587,英語ワークショップ1,加藤　匠,1,,,,,2021-06-26 06:36:03
586,英語ワークショップ1,石本　瑞子,1,,,,,2021-06-26 06:36:03
585,英語ワークショップ1,永井　大輔,1,,,,,2021-06-26 06:36:03
584,コミュニケーション・ゼミナール1,信常　幸恵,1,,,,,2021-06-26 06:36:03
583,アメリカ文学ゼミナール1,新納　卓也,1,,,,,2021-06-26 06:36:03
582,人文学部合同プロジェクト,安藤　潤一郎,1,,,,,2021-06-26 06:36:03
581,人文情報リテラシー,森　斉丈,1,,,,,2021-06-26 06:36:03
580,スポーツ身体論,中澤　雄飛,1,,,,,2021-06-26 06:36:03
579,ドイツ語II,伊藤　みどり,1,,,,,2021-06-26 06:36:03
578,中国の民族と社会演習1,阿部　朋恒,1,,,,,2021-06-26 06:36:03
577,東アジアの地理と環境1,水口　拓寿,1,,,,,2021-06-26 06:36:03
576,初級フランス語作文1,長谷川　久礼満,1,,,,,2021-06-26 06:36:03
575,初級ドイツ語会話1,ラルフ・トレッフェルト - 明仁,1,,,,,2021-06-26 06:36:03
574,専門ゼミナール(文学と文化)1C,桂　元嗣,1,,,,,2021-06-26 06:36:03
573,中級ゼミナール1,新保　淳乃,1,,,,,2021-06-26 06:36:03
572,Communication Seminar (GSC) 1,レティツィア・グアリーニ,1,,,,,2021-06-26 06:36:03
571,Academic Writing Seminar 1,土屋　武久,1,,,,,2021-06-26 06:36:03
570,Academic Presentation Seminar 1,直井　一博,1,,,,,2021-06-26 06:36:03
569,英語圏文化ゼミナール1,吉江　秀和,1,,,,,2021-06-26 06:36:03
568,英語圏文化ゼミナール1,リンジー・モリソン,1,,,,,2021-06-26 06:36:03
567,イギリス文学ゼミナール1,北村　紗衣,1,,,,,2021-06-26 06:36:03
566,アメリカ文学ゼミナール1,新井　景子,1,,,,,2021-06-26 06:36:03
565,アメリカ史ゼミナール1,菱田　幸子,1,,,,,2021-06-26 06:36:03
564,地域メディア論,松本　恭幸,1,,,,,2021-06-26 06:36:03
563,フランス語II,望月　ゆか,1,,,,,2021-06-26 06:36:03
562,フランス語II,西村　淳子,1,,,,,2021-06-26 06:36:03
561,フランス語I,フランク‐アルノー・メール,1,,,,,2021-06-26 06:36:03
560,フランス語I,小森　謙一郎,1,,,,,2021-06-26 06:36:03
559,日本近現代文学1,戸塚　学,1,,,,,2021-06-26 06:36:03
558,初級ドイツ語作文1,ラルフ・トレッフェルト - 明仁,1,,,,,2021-06-26 06:36:03
557,ヨーロッパの文学1,桂　元嗣,1,,,,,2021-06-26 06:36:03
556,現代ヨーロッパ論,舘　葉月,1,,,,,2021-06-26 06:36:03
555,専門ゼミナール(社会と文化)1B,シュテファン・ヴューラー,1,,,,,2021-06-26 06:36:03
554,Topics in Japanese Culture A1,リンジー・モリソン,1,,,,,2021-06-26 06:36:03
553,コミュニケーション・ゼミナール1,岩佐　愛,1,,,,,2021-06-26 06:36:03
552,言語(英語)文化特講1,土屋　武久,1,,,,,2021-06-26 06:36:03
551,中国語I,何　旭,1,,,,,2021-06-26 06:36:03
550,フランス語II,片山　幹生,1,,,,,2021-06-26 06:36:03
549,フランス語I,木下　晴美,1,,,,,2021-06-26 06:36:03
548,ドイツ語I,泉谷　千尋,1,,,,,2021-06-26 06:36:03
547,英語II,スティーブン・G・モーガン,1,,,,,2021-06-26 06:36:03
546,英語I,エディー・ハーン,1,,,,,2021-06-26 06:36:03
545,英語I,新田　万里江,1,,,,,2021-06-26 06:36:03
544,日本美術工芸史演習1,正田　夏子,1,,,,,2021-06-26 06:36:03
543,日本古文書学演習1,桃崎　有一郎,1,,,,,2021-06-26 06:36:03
542,伝統文化実技演習1,漆澤　その子,1,,,,,2021-06-26 06:36:03
541,中級ドイツ語会話1,ルディ・ヘニング,1,,,,,2021-06-26 06:36:03
540,専門ゼミナール(文学と文化)1B,木元　豊,1,,,,,2021-06-26 06:36:03
539,TOEICイングリッシュ1,氷見　直子,1,,,,,2021-06-26 06:36:03
538,英会話初級1,リチャード・マーシュ,1,,,,,2021-06-26 06:36:03
537,英語圏文化特講1,小森　真樹,1,,,,,2021-06-26 06:36:03
536,英語II,矢野　真知子,1,,,,,2021-06-26 06:36:03
535,英語II,氷見　直子,1,,,,,2021-06-26 06:36:03
534,英語II,小森　真樹,1,,,,,2021-06-26 06:36:03
533,日本古典文学演習(近世)1,日置　貴之,1,,,,,2021-06-26 06:36:03
532,日本・東アジア文化基礎ゼミナール1,水口　拓寿,1,,,,,2021-06-26 06:36:03
531,日本・東アジア文化基礎ゼミナール1,桃崎　有一郎,1,,,,,2021-06-26 06:36:03
530,日本・東アジア文化基礎ゼミナール1,福田　武史,1,,,,,2021-06-26 06:36:03
529,日本・東アジア文化基礎ゼミナール1,福原　敏男,1,,,,,2021-06-26 06:36:03
528,日本・東アジア文化基礎ゼミナール1,漆澤　その子,1,,,,,2021-06-26 06:36:03
527,日本・東アジア文化基礎ゼミナール1,戸塚　学,1,,,,,2021-06-26 06:36:03
526,中国文学演習1,岡山　麻子,1,,,,,2021-06-26 06:36:03
525,ヨーロッパ文化基礎ゼミナール1,黒田　享,1,,,,,2021-06-26 06:36:03
524,ヨーロッパ文化基礎ゼミナール1,香川　檀,1,,,,,2021-06-26 06:36:03
523,ヨーロッパ文化基礎ゼミナール1,桂　元嗣,1,,,,,2021-06-26 06:36:03
522,ヨーロッパ文化基礎ゼミナール1,舘　葉月,1,,,,,2021-06-26 06:36:03
521,初級フランス語会話1,クリスチャン・ケスレー,1,,,,,2021-06-26 06:36:03
520,専門ゼミナール(言語と文化)1C,西村　淳子,1,,,,,2021-06-26 06:36:03
519,中級ゼミナール1,光野　正幸,1,,,,,2021-06-26 06:36:03
518,Japanese Cultural History in Global Perspective 1,パトリック・シュウェマー,1,,,,,2021-06-26 06:36:03
517,観光文化論(英米)1,角田　俊男,1,,,,,2021-06-26 06:36:03
516,TOEICイングリッシュ1,ゲーリー・デンドウ,1,,,,,2021-06-26 06:36:03
515,英会話中級1,カール・マーシャル,1,,,,,2021-06-26 06:36:03
514,英米の社会1,進藤　幸代,1,,,,,2021-06-26 06:36:03
513,アメリカの文学1,新井　景子,1,,,,,2021-06-26 06:36:03
512,人文学部合同プロジェクト,阪堂　千津子,1,,,,,2021-06-26 06:36:03
511,映像メディア制作論,佐藤　博昭,1,,,,,2021-06-26 06:36:03
510,活字メディアの社会学,小田桐　誠,1,,,,,2021-06-26 06:36:03
509,イタリア語(選択),京藤　好男,1,,,,,2021-06-26 06:36:03
508,英語(選択),加藤　匠,1,,,,,2021-06-26 06:36:03
507,英語(選択),八木　慶太郎,1,,,,,2021-06-26 06:36:03
506,英語II,アフメッド・ハサン,1,,,,,2021-06-26 06:36:03
505,書道演習1,山下　由季,1,,,,,2021-06-26 06:36:03
504,日本生活文化史1,神野　由紀,1,,,,,2021-06-26 06:36:03
503,日本語の表現1,小川　栄一,1,,,,,2021-06-26 06:36:03
502,日本近世史1,六本木　健志,1,,,,,2021-06-26 06:36:03
501,専門ゼミナール(芸術と文化)1D,小山　ブリジット,1,,,,,2021-06-26 06:36:03
500,専門ゼミナール(言語と文化)1A,黒田　享,1,,,,,2021-06-26 06:36:03
499,World Englishes 1,ジェイソン・ホロウェル,1,,,,,2021-06-26 06:36:03
498,英語圏文学入門1,宮本　文,1,,,,,2021-06-26 06:36:03
497,英米の思想1,高島　和哉,1,,,,,2021-06-26 06:36:03
496,中国語II,内田　宏美,1,,,,,2021-06-26 06:36:03
495,フランス語II,増田　都希,1,,,,,2021-06-26 06:36:03
494,ドイツ語II,桂　元嗣,1,,,,,2021-06-26 06:36:03
493,英語（選択）,土屋　武久,1,,,,,2021-06-26 06:36:03
492,くずし字入門演習1,工藤　航平,1,,,,,2021-06-26 06:36:03
491,日本服飾文化史演習1,丸山　伸彦,1,,,,,2021-06-26 06:36:03
490,中級ドイツ語作文1,ラルフ・トレッフェルト - 明仁,1,,,,,2021-06-26 06:36:03
489,社会理論のフロンティア,工藤　雅人,1,,,,,2021-06-26 06:36:03
488,グローバリゼーションの社会学,人見　泰弘,1,,,,,2021-06-26 06:36:03
487,韓国・朝鮮語I,渡辺　直紀,1,,,,,2021-06-26 06:36:03
486,ドイツ語II,光野　正幸,1,,,,,2021-06-26 06:36:03
485,英語I,中村　詩のぶ,1,,,,,2021-06-26 06:36:03
484,日本民俗史演習1,福原　敏男,1,,,,,2021-06-26 06:36:03
483,初級フランス語作文1,片山　幹生,1,,,,,2021-06-26 06:36:03
482,初級フランス語会話1,フランク‐アルノー・メール,1,,,,,2021-06-26 06:36:03
481,Introduction to Cultural Studies 1,シュテファン・ヴューラー,1,,,,,2021-06-26 06:36:03
480,中国語II,何　旭,1,,,,,2021-06-26 06:36:03
479,フランス語I,赤羽　悠,1,,,,,2021-06-26 06:36:03
478,フランス語I,瀧本　みわ,1,,,,,2021-06-26 06:36:03
477,ドイツ語I,五十嵐　豊,1,,,,,2021-06-26 06:36:03
476,フランス語メディアリテラシー,片山　幹生,1,,,,,2021-06-26 06:36:03
475,初級ドイツ語作文1,ルディ・ヘニング,1,,,,,2021-06-26 06:36:03
474,Introduction to Global Civics 1,水本　達也,1,,,,,2021-06-26 06:36:03
473,GSC中級フランス語2,小山　ブリジット,1,,,,,2021-06-26 06:36:03
472,GSC初級フランス語2,クリスチャン・ケスレー,1,,,,,2021-06-26 06:36:03
471,文化研究のフロンティア,段　躍中,1,,,,,2021-06-26 06:36:03
470,人口問題の社会学,菊地　英明,1,,,,,2021-06-26 06:36:03
469,初級ドイツ語会話1,泉　ボグミワ,1,,,,,2021-06-26 06:36:03
468,フランス語圏の文化と社会,尾崎　文太,1,,,,,2021-06-26 06:36:03
467,GSC 1st-Year Seminar 1,エディー・ハーン,1,,,,,2021-06-26 06:36:03
466,GSC 1st-Year Seminar 1,リンジー・モリソン,1,,,,,2021-06-26 06:36:03
465,GSC 1st-Year Seminar 1,ブライアン・マサハート,1,,,,,2021-06-26 06:36:03
464,英語英米文化基礎ゼミナール1,永井　大輔,1,,,,,2021-06-26 06:36:03
463,英語英米文化基礎ゼミナール1,小森　真樹,1,,,,,2021-06-26 06:36:03
462,英語英米文化基礎ゼミナール1,北村　紗衣,1,,,,,2021-06-26 06:36:03
461,英語英米文化基礎ゼミナール1,土屋　武久,1,,,,,2021-06-26 06:36:03
460,英語英米文化基礎ゼミナール1,進藤　幸代,1,,,,,2021-06-26 06:36:03
459,英語英米文化基礎ゼミナール1,石本　瑞子,1,,,,,2021-06-26 06:36:03
458,韓国・朝鮮語II,阪堂　千津子,1,,,,,2021-06-26 06:36:03
457,フランス語II,瀧本　みわ,1,,,,,2021-06-26 06:36:03
456,フランス語I,橋本　到,1,,,,,2021-06-26 06:36:03
455,ドイツ語I,黒田　享,1,,,,,2021-06-26 06:36:03
454,ドイツ語I,満留　伸一郎,1,,,,,2021-06-26 06:36:03
453,日本語(初中級)1 （2,坂井　菜緒,1,,,,,2021-06-26 06:36:03
452,英語II,リンジー・モリソン,1,,,,,2021-06-26 06:36:03
451,現代社会と経済,高橋　徳行,1,,,,,2021-06-26 06:36:03
450,外国史概説,安藤　潤一郎,1,,,,,2021-06-26 06:36:03
449,ヨーロッパ統合論,安達　亜紀,1,,,,,2021-06-26 06:36:03
448,経済数学,吉田　昌裕,1,,,,,2021-06-26 06:36:03
447,専門ゼミナール第3部,二階堂　有子,1,,,,,2021-06-26 06:36:03
446,専門ゼミナール第3部,茶野　努,1,,,,,2021-06-26 06:36:03
445,専門ゼミナール第2部,下川　拓平,1,,,,,2021-06-26 06:36:03
444,留学のための英語講座B1,リチャード・マーシュ,1,,,,,2021-06-26 06:36:03
443,Global Issues in East Asia,ブライアン・マサハート,1,,,,,2021-06-26 06:36:03
442,博物館実習1,丸山　伸彦,1,,,,,2021-06-26 06:36:03
441,日本文化論1,三島　暁子,1,,,,,2021-06-26 06:36:03
440,専門ゼミナール第3部,中嶋　幹,1,,,,,2021-06-26 06:36:03
439,専門ゼミナール第2部,田中　健太,1,,,,,2021-06-26 06:36:03
438,ファイナンシャル・イングリッシュ3,守谷　治,1,,,,,2021-06-26 06:36:03
437,専門ゼミナール第3部,神楽岡　優昌,1,,,,,2021-06-26 06:36:03
436,専門ゼミナール第3部,海老原　崇,1,,,,,2021-06-26 06:36:03
435,専門ゼミナール第3部,河合　康夫,1,,,,,2021-06-26 06:36:03
434,専門ゼミナール第3部,広田　啓朗,1,,,,,2021-06-26 06:36:03
433,留学のための英語講座A1,ブルース・ブリンクマン,1,,,,,2021-06-26 06:36:03
432,ケアの社会学,玉置　佑介,1,,,,,2021-06-26 06:36:03
431,ビジネス・コミュニケーション英語1,リチャード・マーシュ,1,,,,,2021-06-26 06:36:03
430,英語II,吉江　秀和,1,,,,,2021-06-26 06:36:03
429,英語II,川村　三喜男,1,,,,,2021-06-26 06:36:03
428,人文地理学概説,石飛　一吉,1,,,,,2021-06-26 06:36:03
427,専門ゼミナール第3部,攝津　斉彦,1,,,,,2021-06-26 06:36:03
426,証券アナリスト(証券分析1),福田　正雄,1,,,,,2021-06-26 06:36:03
425,金融各論1(情報開示：IR),福田　徹,1,,,,,2021-06-26 06:36:03
424,経済英語1,鈴木　唯,1,,,,,2021-06-26 06:36:03
423,専門ゼミナール第3部,鈴木　真也,1,,,,,2021-06-26 06:36:03
422,専門ゼミナール第3部,清水　敦,1,,,,,2021-06-26 06:36:03
421,専門ゼミナール第3部,今井　英彦,1,,,,,2021-06-26 06:36:03
420,専門ゼミナール第3部,伊藤　成康,1,,,,,2021-06-26 06:36:03
419,専門ゼミナール第2部,小川　憲彦,1,,,,,2021-06-26 06:36:03
418,専門ゼミナール第2部,伊藤　誠悟,1,,,,,2021-06-26 06:36:03
417,専門ゼミナール第2部,水島　治,1,,,,,2021-06-26 06:36:03
416,専門ゼミナール第2部,竹内　広宜,1,,,,,2021-06-26 06:36:03
415,金融学概論,中嶋　幹,1,,,,,2021-06-26 06:36:03
414,都市環境論,藥袋　佳孝,1,,,,,2021-06-26 06:36:03
413,中国語II,高　塔娜,1,,,,,2021-06-26 06:36:03
412,ドイツ語Ｉ,関根　裕子,1,,,,,2021-06-26 06:36:03
411,ディスカッション・ディベート英語1,マシュー・カールセン,1,,,,,2021-06-26 06:36:03
410,教育学特論A,草なぎ　佳奈子,1,,,,,2021-06-26 06:36:03
409,社会科・地歴科教育方法論1,梅野　正信,1,,,,,2021-06-26 06:36:03
408,日本建築史1,中尾　七重,1,,,,,2021-06-26 06:36:03
407,法律学概説(国際法を含む),雨野　統,1,,,,,2021-06-26 06:36:03
406,専門ゼミナール第3部,豊田　俊一,1,,,,,2021-06-26 06:36:03
405,専門ゼミナール第3部,朴　宰佑,1,,,,,2021-06-26 06:36:03
404,専門ゼミナール第3部,松川　勇,1,,,,,2021-06-26 06:36:03
403,専門ゼミナール第2部,高橋　徳行,1,,,,,2021-06-26 06:36:03
402,専門ゼミナール第2部,中嶋　幹,1,,,,,2021-06-26 06:36:03
401,多文化社会,レティツィア・グアリーニ,1,,,,,2021-06-26 06:36:03
400,プラクティカル・イングリッシュ1,ゾラナ・ワシレビッチ,1,,,,,2021-06-26 06:36:03
399,英語I,マシュー・カールセン,1,,,,,2021-06-26 06:36:03
398,英語I,ジェフ・ワスティラ,1,,,,,2021-06-26 06:36:03
397,英語教育方法論3,湯舟　英一,1,,,,,2021-06-26 06:36:03
396,スポーツ実践12(護身術と柔道),中澤　雄飛,1,,,,,2021-06-26 06:36:03
395,日本の仏教1,市川　浩史,1,,,,,2021-06-26 06:36:03
394,ヨーロッパ形成史,原田　晶子,1,,,,,2021-06-26 06:36:03
393,経済数学,鈴木　唯,1,,,,,2021-06-26 06:36:03
392,原価計算論1,渡邊　直人,1,,,,,2021-06-26 06:36:03
391,エコノミック・イングリッシュ2,ペドロ・フランコ,1,,,,,2021-06-26 06:36:03
390,専門ゼミナール第3部,古瀬　公博,1,,,,,2021-06-26 06:36:03
389,専門ゼミナール第3部,吉田　真理子,1,,,,,2021-06-26 06:36:03
388,専門ゼミナール第2部,目時　壮浩,1,,,,,2021-06-26 06:36:03
387,専門ゼミナール第2部,土屋　直樹,1,,,,,2021-06-26 06:36:03
386,専門ゼミナール第1部,山﨑　秀雄,1,,,,,2021-06-26 06:36:03
385,専門ゼミナール第1部,梅田　茂樹,1,,,,,2021-06-26 06:36:03
384,専門ゼミナール第1部,二階堂　有子,1,,,,,2021-06-26 06:36:03
383,専門ゼミナール第1部,茶野　努,1,,,,,2021-06-26 06:36:03
382,専門ゼミナール第1部,海老原　崇,1,,,,,2021-06-26 06:36:03
381,専門ゼミナール第1部,荻野　紫穂,1,,,,,2021-06-26 06:36:03
380,専門ゼミナール第1部,下川　拓平,1,,,,,2021-06-26 06:36:03
379,知的財産・著作権論,宮本　聖二,1,,,,,2021-06-26 06:36:03
378,ドイツ語入門1,渡辺　幸子,1,,,,,2021-06-26 06:36:03
377,社会科・地歴科教育方法論1,米山　宏史,1,,,,,2021-06-26 06:36:03
376,国語教育方法論1,佐藤　広子,1,,,,,2021-06-26 06:36:03
375,日本国憲法,砂押　以久子,1,,,,,2021-06-26 06:36:03
374,ドイツ語論述実習1,ベレーナ・カレンベルク,1,,,,,2021-06-26 06:36:03
373,ラテン語学1,山田　哲子,1,,,,,2021-06-26 06:36:03
372,投資政策論1,隅田　誠,1,,,,,2021-06-26 06:36:03
371,専門ゼミナール第3部,梅田　茂樹,1,,,,,2021-06-26 06:36:03
370,Japanese Politics,ジェイク・ノージィ,1,,,,,2021-06-26 06:36:03
369,日本語(上級)1 （2,三島　暁子,1,,,,,2021-06-26 06:36:03
368,ロシア語コミュニケーション1,光井　明日香,1,,,,,2021-06-26 06:36:03
367,中国語中級1,顧　銘,1,,,,,2021-06-26 06:36:03
366,クリエイティブ･ライティング･イン･イングリッシュ1,テーラー・ミニオン,1,,,,,2021-06-26 06:36:03
365,英語I,アフメッド・ハサン,1,,,,,2021-06-26 06:36:03
364,英語I,リチャード・マーシュ,1,,,,,2021-06-26 06:36:03
363,国語教育方法論3,代島　克信,1,,,,,2021-06-26 06:36:03
362,教育制度論,和井田　清司,1,,,,,2021-06-26 06:36:03
361,スポーツ実践4(フットサル),流郷　吐夢,1,,,,,2021-06-26 06:36:03
360,物理学ラボワークA,橋本　道雄,1,,,,,2021-06-26 06:36:03
359,専門ゼミナール第2部,根元　邦朗,1,,,,,2021-06-26 06:36:03
358,専門ゼミナール第1部,根元　邦朗,1,,,,,2021-06-26 06:36:03
357,専門ゼミナール第2部,古村　聖,1,,,,,2021-06-26 06:36:03
356,専門ゼミナール第2部,広田　啓朗,1,,,,,2021-06-26 06:36:03
355,専門ゼミナール第3部,山﨑　秀雄,1,,,,,2021-06-26 06:36:03
354,専門ゼミナール第2部,梅田　茂樹,1,,,,,2021-06-26 06:36:03
353,専門ゼミナール第2部,大野　早苗,1,,,,,2021-06-26 06:36:03
352,専門ゼミナール第2部,山下　奨,1,,,,,2021-06-26 06:36:03
351,専門ゼミナール第2部,古瀬　公博,1,,,,,2021-06-26 06:36:03
350,専門ゼミナール第2部,鈴木　唯,1,,,,,2021-06-26 06:36:03
349,専門ゼミナール第2部,荻野　紫穂,1,,,,,2021-06-26 06:36:03
348,専門ゼミナール第2部,松川　勇,1,,,,,2021-06-26 06:36:03
347,専門ゼミナール第1部,徳永　俊史,1,,,,,2021-06-26 06:36:03
346,専門ゼミナール第1部,土屋　直樹,1,,,,,2021-06-26 06:36:03
345,専門ゼミナール第1部,神楽岡　優昌,1,,,,,2021-06-26 06:36:03
344,専門ゼミナール第1部,髙橋　由香里,1,,,,,2021-06-26 06:36:03
343,専門ゼミナール第1部,大野　早苗,1,,,,,2021-06-26 06:36:03
342,専門ゼミナール第1部,河合　康夫,1,,,,,2021-06-26 06:36:03
341,専門ゼミナール第1部,攝津　斉彦,1,,,,,2021-06-26 06:36:03
340,情報処理入門,吉田　崇将,1,,,,,2021-06-26 06:36:03
339,外書講読1,海老原　崇,1,,,,,2021-06-26 06:36:03
338,East Asian Community in the 21st Century,スボーダナ・ウィジェーラトナー,1,,,,,2021-06-26 06:36:03
337,Ethnicity in East Asia,ジュリアン・マニング,1,,,,,2021-06-26 06:36:03
336,韓国・朝鮮語I,きむ　ふな,1,,,,,2021-06-26 06:36:03
335,中国語I,宮田　義矢,1,,,,,2021-06-26 06:36:03
334,フランス語Ｉ,田中　正邦,1,,,,,2021-06-26 06:36:03
333,英語I,楠　香織,1,,,,,2021-06-26 06:36:03
332,英語I,吉江　秀和,1,,,,,2021-06-26 06:36:03
331,データ分析の基礎,冨士田　浩之,1,,,,,2021-06-26 06:36:03
330,専門ゼミナール第1部,小川　俊明,1,,,,,2021-06-26 06:36:03
329,専門ゼミナール第2部,鈴木　真也,1,,,,,2021-06-26 06:36:03
328,専門ゼミナール第1部,広田　啓朗,1,,,,,2021-06-26 06:36:03
327,専門ゼミナール第3部,下川　拓平,1,,,,,2021-06-26 06:36:03
326,専門ゼミナール第2部,攝津　斉彦,1,,,,,2021-06-26 06:36:03
325,専門ゼミナール第2部,神楽岡　優昌,1,,,,,2021-06-26 06:36:03
324,専門ゼミナール第1部,蓮見　亮,1,,,,,2021-06-26 06:36:03
323,専門ゼミナール第1部,伊藤　誠悟,1,,,,,2021-06-26 06:36:03
322,専門ゼミナール第1部,小川　憲彦,1,,,,,2021-06-26 06:36:03
321,専門ゼミナール第1部,山下　奨,1,,,,,2021-06-26 06:36:03
320,専門ゼミナール第1部,古村　聖,1,,,,,2021-06-26 06:36:03
319,専門ゼミナール第1部,竹内　広宜,1,,,,,2021-06-26 06:36:03
318,専門ゼミナール第1部,鈴木　真也,1,,,,,2021-06-26 06:36:03
317,専門ゼミナール第1部,笠松　怜史,1,,,,,2021-06-26 06:36:03
316,専門ゼミナール第1部,水島　治,1,,,,,2021-06-26 06:36:03
315,専門ゼミナール第1部,東郷　賢,1,,,,,2021-06-26 06:36:03
314,専門ゼミナール第1部,中嶋　幹,1,,,,,2021-06-26 06:36:03
313,専門ゼミナール第1部,伊藤　成康,1,,,,,2021-06-26 06:36:03
312,Entrepreneurship in Japan,須賀　等,1,,,,,2021-06-26 06:36:03
311,イタリア語入門1,京藤　好男,1,,,,,2021-06-26 06:36:03
310,スペイン語入門1,保崎　典子,1,,,,,2021-06-26 06:36:03
309,博物館教育論,山﨑　あさぎ,1,,,,,2021-06-26 06:36:03
308,日本と世界の宗教,林　伸一郎,1,,,,,2021-06-26 06:36:03
307,ギリシア・ローマ史,伊東　七美男,1,,,,,2021-06-26 06:36:03
306,観光文化論(ヨーロッパ),田口　亜紀,1,,,,,2021-06-26 06:36:03
305,専門ゼミナール第3部,松下　将章,1,,,,,2021-06-26 06:36:03
304,専門ゼミナール第2部,二階堂　有子,1,,,,,2021-06-26 06:36:03
303,専門ゼミナール第2部,今井　英彦,1,,,,,2021-06-26 06:36:03
302,専門ゼミナール第2部,朴　宰佑,1,,,,,2021-06-26 06:36:03
301,専門ゼミナール第2部,伊藤　成康,1,,,,,2021-06-26 06:36:03
300,専門ゼミナール第1部,田中　健太,1,,,,,2021-06-26 06:36:03
299,専門ゼミナール第1部,豊田　俊一,1,,,,,2021-06-26 06:36:03
298,専門ゼミナール第1部,高橋　徳行,1,,,,,2021-06-26 06:36:03
297,専門ゼミナール第1部,松川　勇,1,,,,,2021-06-26 06:36:03
296,日本の社会と文化1,マシュー・カールセン,1,,,,,2021-06-26 06:36:03
295,East Asian Philosophies,安藤　潤一郎,1,,,,,2021-06-26 06:36:03
294,フランス語中級1,内藤　雅文,1,,,,,2021-06-26 06:36:03
293,フランス語Ｉ,長谷川　久礼満,1,,,,,2021-06-26 06:36:03
292,ドイツ語Ｉ,泉　ボグミワ,1,,,,,2021-06-26 06:36:03
291,英語II,水本　孝二,1,,,,,2021-06-26 06:36:03
290,英語I,平野　邦輔,1,,,,,2021-06-26 06:36:03
289,英語I,伊藤　友美,1,,,,,2021-06-26 06:36:03
288,英語I,尾山　キャサリン,1,,,,,2021-06-26 06:36:03
287,英語I,ゾラナ・ワシレビッチ,1,,,,,2021-06-26 06:36:03
286,Introduction to Critical Thinking,パトリック・シュウェマー,1,,,,,2021-06-26 06:36:03
285,Introduction to Critical Thinking,エディー・ハーン,1,,,,,2021-06-26 06:36:03
284,スポーツ実践6(卓球),佐々木　亮太,1,,,,,2021-06-26 06:36:03
283,スポーツ実践5(バドミントン),中澤　雄飛,1,,,,,2021-06-26 06:36:03
282,生物学ラボワークA,丸橋　珠樹,1,,,,,2021-06-26 06:36:03
281,化学と現代社会,藥袋　佳孝,1,,,,,2021-06-26 06:36:03
280,金融各論1(金融データ分析),隅田　誠,1,,,,,2021-06-26 06:36:03
279,専門ゼミナール第3部,髙橋　由香里,1,,,,,2021-06-26 06:36:03
278,専門ゼミナール第3部,目時　壮浩,1,,,,,2021-06-26 06:36:03
277,信託論,清水　規正,1,,,,,2021-06-26 06:36:03
276,管理会計論1,渡邊　直人,1,,,,,2021-06-26 06:36:03
275,専門ゼミナール第2部,山﨑　秀雄,1,,,,,2021-06-26 06:36:03
274,専門ゼミナール第2部,茶野　努,1,,,,,2021-06-26 06:36:03
273,専門ゼミナール第2部,海老原　崇,1,,,,,2021-06-26 06:36:03
272,情報処理入門,髙橋　孝輔,1,,,,,2021-06-26 06:36:03
271,グローバル・リーダーシップ養成講座1,ブライアン・マサハート,1,,,,,2021-06-26 06:36:03
270,グローバル・コミュニケーション1,ミカエル・コトホフ,1,,,,,2021-06-26 06:36:03
269,Gender and Sexuality in East Asia,シュテファン・ヴューラー,1,,,,,2021-06-26 06:36:03
268,ジャーナリズム論,奥村　信幸,1,,,,,2021-06-26 06:36:03
267,韓国・朝鮮語コミュニケーション1,金　景彩,1,,,,,2021-06-26 06:36:03
266,英語I,庭山　雄吉,1,,,,,2021-06-26 06:36:03
265,英語I,スティーブン・G・モーガン,1,,,,,2021-06-26 06:36:03
264,教育史,武藤　拓也,1,,,,,2021-06-26 06:36:03
263,スポーツ実践2(バスケットボール),望月　康司,1,,,,,2021-06-26 06:36:03
262,表現技法とインタラクション,清水　吉弘,1,,,,,2021-06-26 06:36:03
261,フランス思想史1,望月　ゆか,1,,,,,2021-06-26 06:36:03
260,韓国・朝鮮の社会と文化1,金　牡蘭,1,,,,,2021-06-26 06:36:03
259,金融各論1(財政金融政策と経済成長),吉田　真理子,1,,,,,2021-06-26 06:36:03
258,経営情報各論(経営の数学),下川　拓平,1,,,,,2021-06-26 06:36:03
257,日本語(上級)1 （1,三島　暁子,1,,,,,2021-06-26 06:36:03
256,日本語(初級)1 （3,坂井　菜緒,1,,,,,2021-06-26 06:36:03
255,ロシア語入門1,光井　明日香,1,,,,,2021-06-26 06:36:03
254,スペイン語コミュニケーション1,横藤田　稔泰,1,,,,,2021-06-26 06:36:03
253,イングリッシュ・ライティング・ワークショップ1,アフメッド・ハサン,1,,,,,2021-06-26 06:36:03
252,英語I,テーラー・ミニオン,1,,,,,2021-06-26 06:36:03
251,英語I,直井　一博,1,,,,,2021-06-26 06:36:03
250,教育学特論B,代島　克信,1,,,,,2021-06-26 06:36:03
249,インターンシップ,笠原　一絵,1,,,,,2021-06-26 06:36:03
248,スポーツ実践1(バレーボール),流郷　吐夢,1,,,,,2021-06-26 06:36:03
247,東アジアの美術工芸史1,正田　夏子,1,,,,,2021-06-26 06:36:03
246,ヨーロッパ思想史,増田　一夫,1,,,,,2021-06-26 06:36:03
245,ドイツ語圏の思想と文化1,長倉　誠一,1,,,,,2021-06-26 06:36:03
244,専門ゼミナール第3部,竹内　広宜,1,,,,,2021-06-26 06:36:03
243,証券アナリスト(経済分析),大野　早苗,1,,,,,2021-06-26 06:36:03
242,金融法1,豊田　俊一,1,,,,,2021-06-26 06:36:03
241,経営分析論,髙橋　由香里,1,,,,,2021-06-26 06:36:03
240,日本経済史1,攝津　斉彦,1,,,,,2021-06-26 06:36:03
239,計量経済学1,川田　恵介,1,,,,,2021-06-26 06:36:03
238,経済学説史1,舩木　恵子,1,,,,,2021-06-26 06:36:03
237,専門ゼミナール第2部,徳永　俊史,1,,,,,2021-06-26 06:36:03
236,インターカルチュラルスキル養成講座1,ミカエル・コトホフ,1,,,,,2021-06-26 06:36:03
235,Environmental Issues in East Asia,コリン・タイナー,1,,,,,2021-06-26 06:36:03
234,中国語入門1,持田　洋平,1,,,,,2021-06-26 06:36:03
233,英語I,ルーク・ウィーバー,1,,,,,2021-06-26 06:36:03
232,英語I,氷見　直子,1,,,,,2021-06-26 06:36:03
231,英語I,矢野　真知子,1,,,,,2021-06-26 06:36:03
230,英語I,ゲーリー・デンドウ,1,,,,,2021-06-26 06:36:03
229,英語I,山名　奏子,1,,,,,2021-06-26 06:36:03
228,英語I,進藤　幸代,1,,,,,2021-06-26 06:36:03
227,英語I,岩佐　愛,1,,,,,2021-06-26 06:36:03
226,教育学特論A,金井　香里,1,,,,,2021-06-26 06:36:03
225,スポーツ実践10(エアロビクス&フィットネス),田中　雅子,1,,,,,2021-06-26 06:36:03
224,スポーツ実践1(バレーボール),上向　貫志,1,,,,,2021-06-26 06:36:03
223,日本の名著,清水　敦,1,,,,,2021-06-26 06:36:03
222,日本近現代文学史1,戸塚　学,1,,,,,2021-06-26 06:36:03
221,環日本海文化論1,岡本　真,1,,,,,2021-06-26 06:36:03
220,フランス文学史1,木元　豊,1,,,,,2021-06-26 06:36:03
219,証券アナリスト(財務分析),山下　奨,1,,,,,2021-06-26 06:36:03
218,金融数学1,神楽岡　優昌,1,,,,,2021-06-26 06:36:03
217,企業法基礎,水島　治,1,,,,,2021-06-26 06:36:03
216,数的処理,今井　英彦,1,,,,,2021-06-26 06:36:03
215,財政学1,広田　啓朗,1,,,,,2021-06-26 06:36:03
214,専門ゼミナール第2部,蓮見　亮,1,,,,,2021-06-26 06:36:03
213,情報処理入門,冨士田　浩之,1,,,,,2021-06-26 06:36:03
212,グローバル・コミュニケーション1,マシュー・カールセン,1,,,,,2021-06-26 06:36:03
211,Globalization and East Asian Economies,マサヒサ・カート・ヤマグチ,1,,,,,2021-06-26 06:36:03
210,日本語(初級)1 （1,坂井　菜緒,1,,,,,2021-06-26 06:36:03
209,イタリア語中級1,京藤　好男,1,,,,,2021-06-26 06:36:03
208,韓国・朝鮮語I,閔　東曄,1,,,,,2021-06-26 06:36:03
207,中国語I,鈴木　弘一郎,1,,,,,2021-06-26 06:36:03
206,英語I,水本　孝二,1,,,,,2021-06-26 06:36:03
205,英語I,中村　寛,1,,,,,2021-06-26 06:36:03
204,英語I,八木　慶太郎,1,,,,,2021-06-26 06:36:03
203,英語I,矢部　寿美子,1,,,,,2021-06-26 06:36:03
202,生徒指導の理論と方法,酒井　徹,1,,,,,2021-06-26 06:36:03
201,スポーツ実践2(バスケットボール),大西　圭子,1,,,,,2021-06-26 06:36:03
200,スポーツ実践1(バレーボール),望月　康司,1,,,,,2021-06-26 06:36:03
199,世界の名著,高島　和哉,1,,,,,2021-06-26 06:36:03
198,化学ラボワークA,藥袋　佳孝,1,,,,,2021-06-26 06:36:03
197,フランス語学1,西村　淳子,1,,,,,2021-06-26 06:36:03
196,ドイツ近現代史,加藤　義明,1,,,,,2021-06-26 06:36:03
195,哲学概説,秋保　亘,1,,,,,2021-06-26 06:36:03
194,中国語論述実習1,安藤　潤一郎,1,,,,,2021-06-26 06:36:03
193,専門ゼミナール第3部,小川　俊明,1,,,,,2021-06-26 06:36:03
192,中級マクロ経済学,伊藤　成康,1,,,,,2021-06-26 06:36:03
191,専門ゼミナール第3部,高橋　徳行,1,,,,,2021-06-26 06:36:03
190,専門ゼミナール第2部,豊田　俊一,1,,,,,2021-06-26 06:36:03
189,スポーツ人間学,中澤　雄飛,1,,,,,2021-06-26 06:36:03
188,イギリスの社会と文化1,ティム・ナイト,1,,,,,2021-06-26 06:36:03
187,英語II,伊藤　友美,1,,,,,2021-06-26 06:36:03
186,英語I,田村　義也,1,,,,,2021-06-26 06:36:03
185,英語I,佐竹　麻衣,1,,,,,2021-06-26 06:36:03
184,フランス語教育方法論3,内藤　雅文,1,,,,,2021-06-26 06:36:03
183,スポーツ実践4(フットサル),佐々木　亮太,1,,,,,2021-06-26 06:36:03
182,データマイニング入門,金子　勝一,1,,,,,2021-06-26 06:36:03
181,多文化共生の現在,小川　絵美子,1,,,,,2021-06-26 06:36:03
180,デジタル協働学,荻野　紫穂,1,,,,,2021-06-26 06:36:03
179,日本の言語文化1,小川　栄一,1,,,,,2021-06-26 06:36:03
178,現代中国論1,張　士陽,1,,,,,2021-06-26 06:36:03
177,ヨーロッパの芸術,香川　檀,1,,,,,2021-06-26 06:36:03
176,金融各論1(ファイナンシャルプランナー講座),鈴木　暁子,1,,,,,2021-06-26 06:36:03
175,教養ゼミナール,猪熊　浩子,1,,,,,2021-06-26 06:36:03
174,専門ゼミナール第2部,髙橋　由香里,1,,,,,2021-06-26 06:36:03
173,パブリックコミュニケーション論,松本　恭幸,1,,,,,2021-06-26 06:36:03
172,政治社会学,安藤　丈将,1,,,,,2021-06-26 06:36:03
171,英語I,新井　景子,1,,,,,2021-06-26 06:36:03
170,英語I,パトリック・シュウェマー,1,,,,,2021-06-26 06:36:03
169,ドイツ語教育方法論1,濱野　英巳,1,,,,,2021-06-26 06:36:03
168,Introduction to Global Studies,ブライアン・マサハート,1,,,,,2021-06-26 06:36:03
167,スポーツ実践8(ベーシックゴルフ),上向　貫志,1,,,,,2021-06-26 06:36:03
166,スポーツ実践6(卓球),望月　康司,1,,,,,2021-06-26 06:36:03
165,心理学ワークショップ,瀬川　未佳,1,,,,,2021-06-26 06:36:03
164,比較芸術論1,小山　ブリジット,1,,,,,2021-06-26 06:36:03
163,ドイツ語学2,黒田　享,1,,,,,2021-06-26 06:36:03
162,現代ヨーロッパ社会論1,舘　葉月,1,,,,,2021-06-26 06:36:03
161,専門ゼミナール第3部,根元　邦朗,1,,,,,2021-06-26 06:36:03
160,憲法1,望月　穂貴,1,,,,,2021-06-26 06:36:03
159,教養ゼミナール,豊田　俊一,1,,,,,2021-06-26 06:36:03
158,教養ゼミナール,梅田　茂樹,1,,,,,2021-06-26 06:36:03
157,教養ゼミナール,徳永　俊史,1,,,,,2021-06-26 06:36:03
156,教養ゼミナール,土屋　直樹,1,,,,,2021-06-26 06:36:03
155,教養ゼミナール,大野　早苗,1,,,,,2021-06-26 06:36:03
154,教養ゼミナール,水島　治,1,,,,,2021-06-26 06:36:03
153,教養ゼミナール,松川　勇,1,,,,,2021-06-26 06:36:03
152,教養ゼミナール,鈴木　真也,1,,,,,2021-06-26 06:36:03
151,教養ゼミナール,吉田　真理子,1,,,,,2021-06-26 06:36:03
150,教養ゼミナール,蓮見　亮,1,,,,,2021-06-26 06:36:03
149,専門ゼミナール第3部,荻野　紫穂,1,,,,,2021-06-26 06:36:03
148,専門ゼミナール第3部,鈴木　唯,1,,,,,2021-06-26 06:36:03
147,東アジアの社会と文化1,水本　達也,1,,,,,2021-06-26 06:36:03
146,韓国・朝鮮語入門1,寄田　晴代,1,,,,,2021-06-26 06:36:03
145,中国語入門1,黒岩　高,1,,,,,2021-06-26 06:36:03
144,フランス語入門1,大関　麻由美,1,,,,,2021-06-26 06:36:03
143,フランス語ＩＩ,赤羽　悠,1,,,,,2021-06-26 06:36:03
142,英語II,谷　憲治,1,,,,,2021-06-26 06:36:03
141,英語I,梅垣　代枝野,1,,,,,2021-06-26 06:36:03
140,英語I,マックポール・ヒラタ,1,,,,,2021-06-26 06:36:03
139,英語I,トーマス・ガリクソン,1,,,,,2021-06-26 06:36:03
138,中等社会科研究1,梅野　正信,1,,,,,2021-06-26 06:36:03
137,英語教育方法論1,直井　一博,1,,,,,2021-06-26 06:36:03
136,スポーツ実践11(リラクゼーション&ウォーキング),森　健一,1,,,,,2021-06-26 06:36:03
135,スポーツ実践5(バドミントン),流郷　吐夢,1,,,,,2021-06-26 06:36:03
134,朝鮮文学史1,渡辺　直紀,1,,,,,2021-06-26 06:36:03
133,ドイツ文学史1,光野　正幸,1,,,,,2021-06-26 06:36:03
132,金融各論1(金融データ分析),髙橋　孝輔,1,,,,,2021-06-26 06:36:03
131,ファイナンス3,神楽岡　優昌,1,,,,,2021-06-26 06:36:03
130,国際ファイナンス1,大野　早苗,1,,,,,2021-06-26 06:36:03
129,財務会計論1,山下　奨,1,,,,,2021-06-26 06:36:03
128,起業家インターンシップ1,笠原　一絵,1,,,,,2021-06-26 06:36:03
127,専門ゼミナール第3部,伊藤　誠悟,1,,,,,2021-06-26 06:36:03
126,専門ゼミナール第3部,徳永　俊史,1,,,,,2021-06-26 06:36:03
125,専門ゼミナール第3部,土屋　直樹,1,,,,,2021-06-26 06:36:03
124,専門ゼミナール第3部,水島　治,1,,,,,2021-06-26 06:36:03
123,情報処理入門,竹内　広宜,1,,,,,2021-06-26 06:36:03
122,情報処理入門,髙木　徹,1,,,,,2021-06-26 06:36:03
121,現代世界の諸問題1,ジュリアン・マニング,1,,,,,2021-06-26 06:36:03
120,社会運動論,松井　隆志,1,,,,,2021-06-26 06:36:03
119,英語II,石本　瑞子,1,,,,,2021-06-26 06:36:03
118,英語II,直井　一博,1,,,,,2021-06-26 06:36:03
117,英語II,マックポール・ヒラタ,1,,,,,2021-06-26 06:36:03
116,英語I,林　愛,1,,,,,2021-06-26 06:36:03
115,社会科・公民科教育方法論1,和井田　清司,1,,,,,2021-06-26 06:36:03
114,Introduction to Human Geography,コリン・タイナー,1,,,,,2021-06-26 06:36:03
113,スポーツ実践1(バレーボール),森　健一,1,,,,,2021-06-26 06:36:03
112,現代世界の人と生活,段　躍中,1,,,,,2021-06-26 06:36:03
111,人間と科学技術の歩み,藤田　康元,1,,,,,2021-06-26 06:36:03
110,ドイツ語圏の社会と文化1,泉　ボグミワ,1,,,,,2021-06-26 06:36:03
109,テクノロジー文化論,榑沼　範久,1,,,,,2021-06-26 06:36:03
108,専門ゼミナール第3部,蓮見　亮,1,,,,,2021-06-26 06:36:03
107,証券アナリスト(証券分析演習1),村上　芳博,1,,,,,2021-06-26 06:36:03
106,コンピュータシステム基礎,冨士田　浩之,1,,,,,2021-06-26 06:36:03
105,アメリカの社会と文化1,マシュー・カールセン,1,,,,,2021-06-26 06:36:03
104,出版研究,小田桐　誠,1,,,,,2021-06-26 06:36:03
103,イングリッシュ・エクステンシブ・リーディング1,ベンジャミン・タッチャー,1,,,,,2021-06-26 06:36:03
102,英語I,塩崎　智,1,,,,,2021-06-26 06:36:03
101,英語I,川村　三喜男,1,,,,,2021-06-26 06:36:03
100,英語I,永井　大輔,1,,,,,2021-06-26 06:36:03
99,英語I,石本　瑞子,1,,,,,2021-06-26 06:36:03
98,英語I,信常　幸恵,1,,,,,2021-06-26 06:36:03
97,博物館概論,加藤　陽介,1,,,,,2021-06-26 06:36:03
96,特別活動及び総合的な学習の理論と実践,草なぎ　佳奈子,1,,,,,2021-06-26 06:36:03
95,特別活動の理論と実践,草なぎ　佳奈子,1,,,,,2021-06-26 06:36:03
94,スポーツ実践11(リラクゼーション&ウォーキング),望月　康司,1,,,,,2021-06-26 06:36:03
93,スポーツ実践5(バドミントン),大西　圭子,1,,,,,2021-06-26 06:36:03
92,日本史概説,池田　美千子,1,,,,,2021-06-26 06:36:03
91,中国文学史1,鈴木　弥生,1,,,,,2021-06-26 06:36:03
90,フランスの芸術2,瀧本　みわ,1,,,,,2021-06-26 06:36:03
89,学部横断型課題解決プロジェクト,笠原　一絵,1,,,,,2021-06-26 06:36:03
88,金融各論1(現代商品市場論),茶野　努,1,,,,,2021-06-26 06:36:03
87,エコノミック・イングリッシュ1,ペドロ・フランコ,1,,,,,2021-06-26 06:36:03
86,金融論3,小川　俊明,1,,,,,2021-06-26 06:36:03
85,経済各論1(政治と経済),根元　邦朗,1,,,,,2021-06-26 06:36:03
84,国際経済学1,東田　啓作,1,,,,,2021-06-26 06:36:03
83,専門ゼミナール第3部,荒田　映子,1,,,,,2021-06-26 06:36:03
82,ドイツ語中級1,清水　威能子,1,,,,,2021-06-26 06:36:03
81,イングリッシュ・パフォーマンス・ワークショップ1,トッド・ルシンスキ,1,,,,,2021-06-26 06:36:03
80,英語II,土屋　武久,1,,,,,2021-06-26 06:36:03
79,英語II,トーマス・ガリクソン,1,,,,,2021-06-26 06:36:03
78,英語II,田村　義也,1,,,,,2021-06-26 06:36:03
77,英語II,ティム・ナイト,1,,,,,2021-06-26 06:36:03
76,英語II,カール・マーシャル,1,,,,,2021-06-26 06:36:03
75,教育方法論,金井　香里,1,,,,,2021-06-26 06:36:03
74,教職入門,多和田　真理子,1,,,,,2021-06-26 06:36:03
73,生命の進化,丸橋　珠樹,1,,,,,2021-06-26 06:36:03
72,民俗宗教論1,福原　敏男,1,,,,,2021-06-26 06:36:03
71,中国の民族と社会1,阿部　朋恒,1,,,,,2021-06-26 06:36:03
70,フランスの歴史と社会1,クリスチャン・ケスレー,1,,,,,2021-06-26 06:36:03
69,グローバリゼーションと現代社会,人見　泰弘,1,,,,,2021-06-26 06:36:03
68,ドイツ語ＩＩ,ラルフ・トレッフェルト - 明仁,1,,,,,2021-06-26 06:36:03
67,英語II,角田　俊男,1,,,,,2021-06-26 06:36:03
66,英語I,ジェフリー・グレイ,1,,,,,2021-06-26 06:36:03
65,英語I,ケネス・ビーゲル,1,,,,,2021-06-26 06:36:03
64,英語I,ジェイソン・ホロウェル,1,,,,,2021-06-26 06:36:03
63,生涯学習概論,上田　裕司,1,,,,,2021-06-26 06:36:03
62,教育実習3,和井田　清司,1,,,,,2021-06-26 06:36:03
61,教育実習2,金井　香里,1,,,,,2021-06-26 06:36:03
60,教育実習2,柄本　健太郎,1,,,,,2021-06-26 06:36:03
59,教育実習2,米山　宏史,1,,,,,2021-06-26 06:36:03
58,教育実習2,和井田　清司,1,,,,,2021-06-26 06:36:03
57,スポーツ実践5(バドミントン),上向　貫志,1,,,,,2021-06-26 06:36:03
56,インターネット・イングリッシュ,北村　紗衣,1,,,,,2021-06-26 06:36:03
55,アカデミック・ディベート,濱野　英巳,1,,,,,2021-06-26 06:36:03
54,人の進化,丸橋　珠樹,1,,,,,2021-06-26 06:36:03
53,現代社会と法,望月　穂貴,1,,,,,2021-06-26 06:36:03
52,日本服飾文化史1,丸山　伸彦,1,,,,,2021-06-26 06:36:03
51,教養ゼミナール,小川　俊明,1,,,,,2021-06-26 06:36:03
50,教養ゼミナール,竹内　広宜,1,,,,,2021-06-26 06:36:03
49,教養ゼミナール,古村　聖,1,,,,,2021-06-26 06:36:03
48,教養ゼミナール,田中　健太,1,,,,,2021-06-26 06:36:03
47,教養ゼミナール,山下　奨,1,,,,,2021-06-26 06:36:03
46,教養ゼミナール,二階堂　有子,1,,,,,2021-06-26 06:36:03
45,教養ゼミナール,茶野　努,1,,,,,2021-06-26 06:36:03
44,教養ゼミナール,山﨑　秀雄,1,,,,,2021-06-26 06:36:03
43,教養ゼミナール,清水　敦,1,,,,,2021-06-26 06:36:03
42,教養ゼミナール,笠松　怜史,1,,,,,2021-06-26 06:36:03
41,教養ゼミナール,神楽岡　優昌,1,,,,,2021-06-26 06:36:03
40,教養ゼミナール,今井　英彦,1,,,,,2021-06-26 06:36:03
39,教養ゼミナール,海老原　崇,1,,,,,2021-06-26 06:36:03
38,教養ゼミナール,伊藤　誠悟,1,,,,,2021-06-26 06:36:03
37,教養ゼミナール,下川　拓平,1,,,,,2021-06-26 06:36:03
36,教養ゼミナール,伊藤　成康,1,,,,,2021-06-26 06:36:03
35,教養ゼミナール,攝津　斉彦,1,,,,,2021-06-26 06:36:03
34,情報処理入門,清水　吉弘,1,,,,,2021-06-26 06:36:03
33,保全生物学,丸橋　珠樹,1,,,,,2021-06-26 06:36:03
32,韓国・朝鮮語II,寄田　晴代,1,,,,,2021-06-26 06:36:03
31,英語II,矢部　寿美子,1,,,,,2021-06-26 06:36:03
30,英語II,楠　香織,1,,,,,2021-06-26 06:36:03
29,英語II,リチャード・マーシュ,1,,,,,2021-06-26 06:36:03
28,教育心理学1,柄本　健太郎,1,,,,,2021-06-26 06:36:03
27,スポーツ実践6(卓球),森　健一,1,,,,,2021-06-26 06:36:03
26,日本美術工芸史1,正田　夏子,1,,,,,2021-06-26 06:36:03
25,現代韓国論1,阪堂　千津子,1,,,,,2021-06-26 06:36:03
24,フランス語論述実習1,クリスチャン・ケスレー,1,,,,,2021-06-26 06:36:03
23,金融統計1,徳永　俊史,1,,,,,2021-06-26 06:36:03
22,プログラミングA,髙木　徹,1,,,,,2021-06-26 06:36:03
21,エイジングの社会学,菊地　英明,1,,,,,2021-06-26 06:36:03
20,英語I,ジェイド・フリーマン,1,,,,,2021-06-26 06:36:03
19,英語I,畑江　里美,1,,,,,2021-06-26 06:36:03
18,博物館情報・メディア論,小川　敦生,1,,,,,2021-06-26 06:36:03
17,スポーツ実践6(卓球),上向　貫志,1,,,,,2021-06-26 06:36:03
16,スポーツ実践5(バドミントン),森　健一,1,,,,,2021-06-26 06:36:03
15,臨床心理学と人間理解,松島　雅子,1,,,,,2021-06-26 06:36:03
14,人間と環境,丸橋　珠樹,1,,,,,2021-06-26 06:36:03
13,日本民俗史1,福原　敏男,1,,,,,2021-06-26 06:36:03
12,経営学基礎,笠原　一絵,1,,,,,2021-06-26 06:36:03
11,アジア経済1,梅﨑　創,1,,,,,2021-06-26 06:36:03
10,英語II,ベンジャミン・タッチャー,1,,,,,2021-06-26 06:36:03
9,英語I,宮本　文,1,,,,,2021-06-26 06:36:03
8,教育相談の基礎,井島　由佳,1,,,,,2021-06-26 06:36:03
7,道徳教育の理論と実践,柄本　健太郎,1,,,,,2021-06-26 06:36:03
6,スポーツ実践5(バドミントン),望月　康司,1,,,,,2021-06-26 06:36:03
5,経済各論1(入門経済学),東郷　賢,1,,,,,2021-06-26 06:36:03
4,各国金融論(中国),林　康史,1,,,,,2021-06-26 06:36:03
3,ITマネジメント,朴　英元,1,"どうも
昨今の企業をめぐる環境は、グローバル化とともに、プロダクトアウト中心の供給経済からカスタマー中心のマーケットイン経済に変わりつつある。そのため、いかにグローバル市場の様々なニーズに素早く対応できるかが企業の持続的競争優位の根源となりつつある。こうした企業環境の変化とともに、アナログ時代からデジタル時代に変わることにより、製品の機能と構造関係を表す製品アーキテクチャの変化が企業と産業の競争力に大きな影響を与えている。もともと、アーキテクチャは分け方とつなぎ方に着目するシステムの性質であり、全体をどのように切り分け、部分をどのように関係づけるかという構成要素間の相互依存関係のパターンである。本講義では、こうしたアーキテクチャ分析手法に基づき、統合型ものづくりIT システムを実現するための企業の中長期戦略の評価方法を学習する。また、そのための各部門で活用されているITシステムの使用方法を理解する。とくに、統合型ＩＴシステムを理解したうえで、受講者も各自、テキストを事例を中心に企業の情報戦略を分析して報告する。（1－4回目の授業は、対面授業ではなく、同じ時間帯にZoomによるオンライ授業を実施する予定である。ZoomのURLは、3S掲示に知らせる。）","毎週小テストが出題されます。
量はそれほど多くなく、問題自体も簡単なため、20分程度で終わります。
また、期末にレポートの提出があります。4000字以上で調査などにそれなりに時間のかかるものです。",昨今の企業をめぐる環境は、グローバル化とともに、プロダクトアウト中心の供給経済からカスタマー中心のマーケットイン経済に変わりつつある。そのため、いかにグローバル市場の様々なニーズに素早く対応できるかが企業の持続的競争優位の根源となりつつある。こうした企業環境の変化とともに、アナログ時代からデジタル時代に変わることにより、製品の機能と構造関係を表す製品アーキテクチャの変化が企業と産業の競争力に大きな影響を与えている。もともと、アーキテクチャは分け方とつなぎ方に着目するシステムの性質であり、全体をどのように切り分け、部分をどのように関係づけるかという構成要素間の相互依存関係のパターンである。本講義では、こうしたアーキテクチャ分析手法に基づき、統合型ものづくりIT システムを実現するための企業の中長期戦略の評価方法を学習する。また、そのための各部門で活用されているITシステムの使用方法を理解する。とくに、統合型ＩＴシステムを理解したうえで、受講者も各自、テキストを事例を中心に企業の情報戦略を分析して報告する。（1－4回目の授業は、対面授業ではなく、同じ時間帯にZoomによるオンライ授業を実施する予定である。ZoomのURLは、3S掲示に知らせる。）,昨今の企業をめぐる環境は、グローバル化とともに、プロダクトアウト中心の供給経済からカスタマー中心のマーケットイン経済に変わりつつある。そのため、いかにグローバル市場の様々なニーズに素早く対応できるかが企業の持続的競争優位の根源となりつつある。こうした企業環境の変化とともに、アナログ時代からデジタル時代に変わることにより、製品の機能と構造関係を表す製品アーキテクチャの変化が企業と産業の競争力に大きな影響を与えている。もともと、アーキテクチャは分け方とつなぎ方に着目するシステムの性質であり、全体をどのように切り分け、部分をどのように関係づけるかという構成要素間の相互依存関係のパターンである。本講義では、こうしたアーキテクチャ分析手法に基づき、統合型ものづくりIT システムを実現するための企業の中長期戦略の評価方法を学習する。また、そのための各部門で活用されているITシステムの使用方法を理解する。とくに、統合型ＩＴシステムを理解したうえで、受講者も各自、テキストを事例を中心に企業の情報戦略を分析して報告する。（1－4回目の授業は、対面授業ではなく、同じ時間帯にZoomによるオンライ授業を実施する予定である。ZoomのURLは、3S掲示に知らせる。）,2021-06-26 06:36:03
2,経済統計学1,今井　英彦,1,昨今の企業をめぐる環境は、グローバル化とともに、プロダクトアウト中心の供給経済からカスタマー中心のマーケットイン経済に変わりつつある。そのため、いかにグローバル市場の様々なニーズに素早く対応できるかが企業の持続的競争優位の根源となりつつある。こうした企業環境の変化とともに、アナログ時代からデジタル時代に変わることにより、製品の機能と構造関係を表す製品アーキテクチャの変化が企業と産業の競争力に大きな影響を与えている。もともと、アーキテクチャは分け方とつなぎ方に着目するシステムの性質であり、全体をどのように切り分け、部分をどのように関係づけるかという構成要素間の相互依存関係のパターンである。本講義では、こうしたアーキテクチャ分析手法に基づき、統合型ものづくりIT システムを実現するための企業の中長期戦略の評価方法を学習する。また、そのための各部門で活用されているITシステムの使用方法を理解する。とくに、統合型ＩＴシステムを理解したうえで、受講者も各自、テキストを事例を中心に企業の情報戦略を分析して報告する。（1－4回目の授業は、対面授業ではなく、同じ時間帯にZoomによるオンライ授業を実施する予定である。ZoomのURLは、3S掲示に知らせる。）,昨今の企業をめぐる環境は、グローバル化とともに、プロダクトアウト中心の供給経済からカスタマー中心のマーケットイン経済に変わりつつある。そのため、いかにグローバル市場の様々なニーズに素早く対応できるかが企業の持続的競争優位の根源となりつつある。こうした企業環境の変化とともに、アナログ時代からデジタル時代に変わることにより、製品の機能と構造関係を表す製品アーキテクチャの変化が企業と産業の競争力に大きな影響を与えている。もともと、アーキテクチャは分け方とつなぎ方に着目するシステムの性質であり、全体をどのように切り分け、部分をどのように関係づけるかという構成要素間の相互依存関係のパターンである。本講義では、こうしたアーキテクチャ分析手法に基づき、統合型ものづくりIT システムを実現するための企業の中長期戦略の評価方法を学習する。また、そのための各部門で活用されているITシステムの使用方法を理解する。とくに、統合型ＩＴシステムを理解したうえで、受講者も各自、テキストを事例を中心に企業の情報戦略を分析して報告する。（1－4回目の授業は、対面授業ではなく、同じ時間帯にZoomによるオンライ授業を実施する予定である。ZoomのURLは、3S掲示に知らせる。）,昨今の企業をめぐる環境は、グローバル化とともに、プロダクトアウト中心の供給経済からカスタマー中心のマーケットイン経済に変わりつつある。そのため、いかにグローバル市場の様々なニーズに素早く対応できるかが企業の持続的競争優位の根源となりつつある。こうした企業環境の変化とともに、アナログ時代からデジタル時代に変わることにより、製品の機能と構造関係を表す製品アーキテクチャの変化が企業と産業の競争力に大きな影響を与えている。もともと、アーキテクチャは分け方とつなぎ方に着目するシステムの性質であり、全体をどのように切り分け、部分をどのように関係づけるかという構成要素間の相互依存関係のパターンである。本講義では、こうしたアーキテクチャ分析手法に基づき、統合型ものづくりIT システムを実現するための企業の中長期戦略の評価方法を学習する。また、そのための各部門で活用されているITシステムの使用方法を理解する。とくに、統合型ＩＴシステムを理解したうえで、受講者も各自、テキストを事例を中心に企業の情報戦略を分析して報告する。（1－4回目の授業は、対面授業ではなく、同じ時間帯にZoomによるオンライ授業を実施する予定である。ZoomのURLは、3S掲示に知らせる。）,昨今の企業をめぐる環境は、グローバル化とともに、プロダクトアウト中心の供給経済からカスタマー中心のマーケットイン経済に変わりつつある。そのため、いかにグローバル市場の様々なニーズに素早く対応できるかが企業の持続的競争優位の根源となりつつある。こうした企業環境の変化とともに、アナログ時代からデジタル時代に変わることにより、製品の機能と構造関係を表す製品アーキテクチャの変化が企業と産業の競争力に大きな影響を与えている。もともと、アーキテクチャは分け方とつなぎ方に着目するシステムの性質であり、全体をどのように切り分け、部分をどのように関係づけるかという構成要素間の相互依存関係のパターンである。本講義では、こうしたアーキテクチャ分析手法に基づき、統合型ものづくりIT システムを実現するための企業の中長期戦略の評価方法を学習する。また、そのための各部門で活用されているITシステムの使用方法を理解する。とくに、統合型ＩＴシステムを理解したうえで、受講者も各自、テキストを事例を中心に企業の情報戦略を分析して報告する。（1－4回目の授業は、対面授業ではなく、同じ時間帯にZoomによるオンライ授業を実施する予定である。ZoomのURLは、3S掲示に知らせる。）,2021-06-26 06:36:03
1,専門ゼミナール第3部,大野　早苗,1,,,,,2021-06-26 06:36:03
